action_code,actor,actor_role,camera_movement,changed,clip_end_frame,clip_start_frame,criterion,description,end_direction,end_frame,example_id,mind_change,rank,retraction_direction_code,start_direction,start_frame,target_context_1,target_context_2,target_structure,tool_type,triplet,video_id
,left,,,yes,2400,1950,C1,The grasper retracts the gallbladder neck from medial to lateral.,lateral,2160,00467596-8200-449c-8528-d4816ec2f6a2__C1__avg__c_001950_002400,unsatisfied->satisfied,2,RETRACT_MEDIAL_TO_LATERAL,medial,2040,,,,,,00467596-8200-449c-8528-d4816ec2f6a2
DISSECT,right,,,,2400,1950,C1,"The hook dissects around the cystic artery, between cystic artery and cystic plate, and close to the gallbladder neck.",,2040,00467596-8200-449c-8528-d4816ec2f6a2__C1__avg__c_001950_002400,unsatisfied->satisfied,1,,,1950,between cystic artery and cystic plate,close to the gallbladder neck,CysticArtery,Hook,"[""Hook"", ""DISSECT"", ""CysticArtery""]",00467596-8200-449c-8528-d4816ec2f6a2
DISSECT,right,,,,2400,1950,C1,"The hook dissects around the cystic artery, between cystic artery and cystic plate, and close to the gallbladder neck.",,2280,00467596-8200-449c-8528-d4816ec2f6a2__C1__avg__c_001950_002400,unsatisfied->satisfied,1,,,2160,between cystic artery and cystic plate,close to the gallbladder neck,CysticArtery,Hook,"[""Hook"", ""DISSECT"", ""CysticArtery""]",00467596-8200-449c-8528-d4816ec2f6a2
CAMERA_UNCERTAIN,camera,,CAMERA_UNCERTAIN,,2400,1950,C1,The camera is uncertain.,,2100,00467596-8200-449c-8528-d4816ec2f6a2__C1__avg__c_001950_002400,unsatisfied->satisfied,3,,,1950,,,,,,00467596-8200-449c-8528-d4816ec2f6a2
CAMERA_ZOOM_OUT,camera,,CAMERA_ZOOM_OUT,,2400,1950,C1,The camera zooms out.,,2400,00467596-8200-449c-8528-d4816ec2f6a2__C1__avg__c_001950_002400,unsatisfied->satisfied,3,,,2250,,,,,,00467596-8200-449c-8528-d4816ec2f6a2
,left,,,no,150,0,C2,The grasper keeps the gallbladder neck retracted lateral.,lateral,150,00467596-8200-449c-8528-d4816ec2f6a2__C2__avg__c_000000_000150,unsatisfied->satisfied,3,KEEP_RETRACT_LATERAL,lateral,0,,,,,,00467596-8200-449c-8528-d4816ec2f6a2
DISSECT,right,,,,150,0,C2,"The hook dissects around the cystic artery, between presumed cystic duct and presumed cystic artery.",,90,00467596-8200-449c-8528-d4816ec2f6a2__C2__avg__c_000000_000150,unsatisfied->satisfied,1,,,0,between presumed cystic duct and presumed cystic artery,(not set),CysticArtery,Hook,"[""Hook"", ""DISSECT"", ""CysticArtery""]",00467596-8200-449c-8528-d4816ec2f6a2
DISSECT,right,,,,150,0,C2,"The hook dissects around the cystic artery, between presumed cystic duct and presumed cystic artery.",,150,00467596-8200-449c-8528-d4816ec2f6a2__C2__avg__c_000000_000150,unsatisfied->satisfied,1,,,90,between presumed cystic duct and presumed cystic artery,(not set),CysticArtery,Hook,"[""Hook"", ""DISSECT"", ""CysticArtery""]",00467596-8200-449c-8528-d4816ec2f6a2
CAMERA_ZOOM_OUT,camera,,CAMERA_ZOOM_OUT,,150,0,C2,The camera zooms out.,,150,00467596-8200-449c-8528-d4816ec2f6a2__C2__avg__c_000000_000150,unsatisfied->satisfied,2,,,90,,,,,,00467596-8200-449c-8528-d4816ec2f6a2
,left,,,yes,1050,450,C2,The grasper retracts the gallbladder neck from lateral to medial.,medial,780,00467596-8200-449c-8528-d4816ec2f6a2__C2__avg__c_000450_001050,unsatisfied->satisfied,2,RETRACT_LATERAL_TO_MEDIAL,lateral,660,,,,,,00467596-8200-449c-8528-d4816ec2f6a2
DISSECT,right,,,,1050,450,C2,"The hook dissects around the cystic artery, between cystic artery and cystic plate.",,690,00467596-8200-449c-8528-d4816ec2f6a2__C2__avg__c_000450_001050,unsatisfied->satisfied,1,,,450,between cystic artery and cystic plate,(not set),CysticArtery,Hook,"[""Hook"", ""DISSECT"", ""CysticArtery""]",00467596-8200-449c-8528-d4816ec2f6a2
CAMERA_UNCERTAIN,camera,,CAMERA_UNCERTAIN,,1050,450,C2,The camera is uncertain.,,1050,00467596-8200-449c-8528-d4816ec2f6a2__C2__avg__c_000450_001050,unsatisfied->satisfied,3,,,450,,,,,,00467596-8200-449c-8528-d4816ec2f6a2
,left,,,no,1650,1350,C2,The grasper keeps the gallbladder neck retracted medial.,medial,1650,00467596-8200-449c-8528-d4816ec2f6a2__C2__avg__c_001350_001650,unsatisfied->satisfied,2,KEEP_RETRACT_MEDIAL,medial,1350,,,,,,00467596-8200-449c-8528-d4816ec2f6a2
COAGULATE_HEMOSTASIS,right,,,,1650,1350,C2,"The hook coagulate hemostasis the cystic artery, between cystic artery and cystic plate.",,1650,00467596-8200-449c-8528-d4816ec2f6a2__C2__avg__c_001350_001650,unsatisfied->satisfied,1,,,1350,between cystic artery and cystic plate,(not set),CysticArtery,Hook,"[""Hook"", ""COAGULATE_HEMOSTASIS"", ""CysticArtery""]",00467596-8200-449c-8528-d4816ec2f6a2
,left,,,yes,2400,2100,C2,The grasper retracts the gallbladder neck from not retracted to lateral.,lateral,2160,00467596-8200-449c-8528-d4816ec2f6a2__C2__avg__c_002100_002400,unsatisfied->satisfied,3,RETRACT_LATERAL,not_retracted,2100,,,,,,00467596-8200-449c-8528-d4816ec2f6a2
DISSECT,right,,,,2400,2100,C2,"The hook dissects around the cystic artery, between cystic artery and cystic plate, and close to the gallbladder neck.",,2280,00467596-8200-449c-8528-d4816ec2f6a2__C2__avg__c_002100_002400,unsatisfied->satisfied,1,,,2160,between cystic artery and cystic plate,close to the gallbladder neck,CysticArtery,Hook,"[""Hook"", ""DISSECT"", ""CysticArtery""]",00467596-8200-449c-8528-d4816ec2f6a2
CAMERA_REPOSITION,camera,,CAMERA_REPOSITION,,2400,2100,C2,The camera repositions.,,2250,00467596-8200-449c-8528-d4816ec2f6a2__C2__avg__c_002100_002400,unsatisfied->satisfied,2,,,2100,,,,,,00467596-8200-449c-8528-d4816ec2f6a2
CAMERA_ZOOM_OUT,camera,,CAMERA_ZOOM_OUT,,2400,2100,C2,The camera zooms out.,,2400,00467596-8200-449c-8528-d4816ec2f6a2__C2__avg__c_002100_002400,unsatisfied->satisfied,2,,,2250,,,,,,00467596-8200-449c-8528-d4816ec2f6a2
,left,,,no,1950,1650,C1,The grasper keeps the gallbladder neck retracted lateral.,lateral,1950,004fa282-7e76-473e-bf34-01fe831368dc__C1__avg__c_001650_001950,unsatisfied->satisfied,2,KEEP_RETRACT_LATERAL,lateral,1650,,,,,,004fa282-7e76-473e-bf34-01fe831368dc
DISSECT,right,,,,1950,1650,C1,"The hook dissects around the cystic duct, between presumed cystic duct and presumed cystic artery.",,1770,004fa282-7e76-473e-bf34-01fe831368dc__C1__avg__c_001650_001950,unsatisfied->satisfied,1,,,1650,between presumed cystic duct and presumed cystic artery,(not set),CysticDuct,Hook,"[""Hook"", ""DISSECT"", ""CysticDuct""]",004fa282-7e76-473e-bf34-01fe831368dc
DISSECT,right,,,,1950,1650,C1,"The hook dissects around the cystic plate, between cystic artery and cystic plate.",,1950,004fa282-7e76-473e-bf34-01fe831368dc__C1__avg__c_001650_001950,unsatisfied->satisfied,1,,,1770,between cystic artery and cystic plate,(not set),CysticPlate,Hook,"[""Hook"", ""DISSECT"", ""CysticPlate""]",004fa282-7e76-473e-bf34-01fe831368dc
,left,,,no,1050,450,C2,The grasper keeps the gallbladder neck retracted lateral.,lateral,1050,004fa282-7e76-473e-bf34-01fe831368dc__C2__avg__c_000450_001050,unsatisfied->satisfied,2,KEEP_RETRACT_LATERAL,lateral,450,,,,,,004fa282-7e76-473e-bf34-01fe831368dc
DISSECT,right,,,,1050,450,C2,"The hook dissects around the hepatocystic triangle, between presumed cystic duct and presumed cystic artery.",,1050,004fa282-7e76-473e-bf34-01fe831368dc__C2__avg__c_000450_001050,unsatisfied->satisfied,1,,,450,between presumed cystic duct and presumed cystic artery,(not set),HepatocysticTriangle,Hook,"[""Hook"", ""DISSECT"", ""HepatocysticTriangle""]",004fa282-7e76-473e-bf34-01fe831368dc
,left,,,yes,2100,1350,C3,The grasper retracts the gallbladder neck from lateral to upward.,upward,1380,004fa282-7e76-473e-bf34-01fe831368dc__C3__avg__c_001350_002100,unsatisfied->satisfied,2,RETRACT_LATERAL_TO_UPWARD,lateral,1350,,,,,,004fa282-7e76-473e-bf34-01fe831368dc
,left,,,yes,2100,1350,C3,The grasper retracts the gallbladder neck from upward to lateral.,lateral,1590,004fa282-7e76-473e-bf34-01fe831368dc__C3__avg__c_001350_002100,unsatisfied->satisfied,3,RETRACT_UPWARD_TO_LATERAL,upward,1560,,,,,,004fa282-7e76-473e-bf34-01fe831368dc
DISSECT,right,,,,2100,1350,C3,The hook dissects around the cystic plate.,,1530,004fa282-7e76-473e-bf34-01fe831368dc__C3__avg__c_001350_002100,unsatisfied->satisfied,1,,,1380,(not set),(not set),CysticPlate,Hook,"[""Hook"", ""DISSECT"", ""CysticPlate""]",004fa282-7e76-473e-bf34-01fe831368dc
DISSECT,right,,,,2100,1350,C3,"The hook dissects around the cystic duct, between presumed cystic duct and presumed cystic artery.",,1740,004fa282-7e76-473e-bf34-01fe831368dc__C3__avg__c_001350_002100,unsatisfied->satisfied,1,,,1680,between presumed cystic duct and presumed cystic artery,(not set),CysticDuct,Hook,"[""Hook"", ""DISSECT"", ""CysticDuct""]",004fa282-7e76-473e-bf34-01fe831368dc
DISSECT,right,,,,2100,1350,C3,"The hook dissects around the cystic plate, between presumed cystic duct and presumed cystic artery.",,1950,004fa282-7e76-473e-bf34-01fe831368dc__C3__avg__c_001350_002100,unsatisfied->satisfied,1,,,1770,between presumed cystic duct and presumed cystic artery,(not set),CysticPlate,Hook,"[""Hook"", ""DISSECT"", ""CysticPlate""]",004fa282-7e76-473e-bf34-01fe831368dc
DISSECT,right,,,,2100,1350,C3,"The hook dissects around the cystic duct, between presumed cystic duct and presumed cystic artery.",,2070,004fa282-7e76-473e-bf34-01fe831368dc__C3__avg__c_001350_002100,unsatisfied->satisfied,1,,,2010,between presumed cystic duct and presumed cystic artery,(not set),CysticDuct,Hook,"[""Hook"", ""DISSECT"", ""CysticDuct""]",004fa282-7e76-473e-bf34-01fe831368dc
,left,,,no,1500,1050,C3,The grasper keeps the gallbladder neck retracted lateral.,lateral,1500,01950655-a507-4514-abe5-d13ff593ec4d__C3__avg__c_001050_001500,unsatisfied->satisfied,2,KEEP_RETRACT_LATERAL,lateral,1050,,,,,,01950655-a507-4514-abe5-d13ff593ec4d
DISSECT,right,,,,1500,1050,C3,"The hook dissects around the hepatocystic triangle, near the cystic plate.",,1500,01950655-a507-4514-abe5-d13ff593ec4d__C3__avg__c_001050_001500,unsatisfied->satisfied,1,,,1050,near the cystic plate,(not set),HepatocysticTriangle,Hook,"[""Hook"", ""DISSECT"", ""HepatocysticTriangle""]",01950655-a507-4514-abe5-d13ff593ec4d
CAMERA_NO_CHANGE,camera,,CAMERA_NO_CHANGE,,1500,1050,C3,The camera does not change.,,1500,01950655-a507-4514-abe5-d13ff593ec4d__C3__avg__c_001050_001500,unsatisfied->satisfied,3,,,1050,,,,,,01950655-a507-4514-abe5-d13ff593ec4d
,left,,,no,2400,1950,C3,The grasper keeps the gallbladder neck retracted lateral.,lateral,2400,01950655-a507-4514-abe5-d13ff593ec4d__C3__avg__c_001950_002400,unsatisfied->satisfied,2,KEEP_RETRACT_LATERAL,lateral,1950,,,,,,01950655-a507-4514-abe5-d13ff593ec4d
DISSECT,right,,,,2400,1950,C3,"The hook dissects around the hepatocystic triangle, near the cystic plate.",,2400,01950655-a507-4514-abe5-d13ff593ec4d__C3__avg__c_001950_002400,unsatisfied->satisfied,1,,,1950,near the cystic plate,(not set),HepatocysticTriangle,Hook,"[""Hook"", ""DISSECT"", ""HepatocysticTriangle""]",01950655-a507-4514-abe5-d13ff593ec4d
,left,,,yes,1050,450,C2,The grasper retracts the gallbladder neck from not retracted to lateral.,lateral,690,021ebd6a-3195-40ac-b86d-99ac5e5ef621__C2__avg__c_000450_001050,unsatisfied->satisfied,2,RETRACT_LATERAL,not_retracted,630,,,,,,021ebd6a-3195-40ac-b86d-99ac5e5ef621
DISSECT,right,,,,1050,450,C2,"The maryland dissects around the hepatocystic triangle, between presumed cystic duct and presumed cystic artery.",,1050,021ebd6a-3195-40ac-b86d-99ac5e5ef621__C2__avg__c_000450_001050,unsatisfied->satisfied,1,,,690,between presumed cystic duct and presumed cystic artery,(not set),HepatocysticTriangle,Maryland,"[""Maryland"", ""DISSECT"", ""HepatocysticTriangle""]",021ebd6a-3195-40ac-b86d-99ac5e5ef621
,left,,,yes,900,450,C3,The grasper retracts the gallbladder neck from not retracted to lateral.,lateral,690,021ebd6a-3195-40ac-b86d-99ac5e5ef621__C3__avg__c_000450_000900,unsatisfied->satisfied,1,RETRACT_LATERAL,not_retracted,630,,,,,,021ebd6a-3195-40ac-b86d-99ac5e5ef621
CAMERA_ZOOM_IN,camera,,CAMERA_ZOOM_IN,,900,450,C3,The camera zooms in.,,900,021ebd6a-3195-40ac-b86d-99ac5e5ef621__C3__avg__c_000450_000900,unsatisfied->satisfied,2,,,750,,,,,,021ebd6a-3195-40ac-b86d-99ac5e5ef621
,left,,,no,2100,1500,C1,The grasper keeps the gallbladder neck retracted lateral.,lateral,2100,0405e4b0-843a-469d-a235-6a12383bc1db__C1__avg__c_001500_002100,unsatisfied->satisfied,2,KEEP_RETRACT_LATERAL,lateral,1500,,,,,,0405e4b0-843a-469d-a235-6a12383bc1db
DISSECT,right,,,,2100,1500,C1,"The hook dissects around the cystic duct, between presumed cystic duct and presumed cystic artery.",,1680,0405e4b0-843a-469d-a235-6a12383bc1db__C1__avg__c_001500_002100,unsatisfied->satisfied,1,,,1500,between presumed cystic duct and presumed cystic artery,(not set),CysticDuct,Hook,"[""Hook"", ""DISSECT"", ""CysticDuct""]",0405e4b0-843a-469d-a235-6a12383bc1db
DISSECT,right,,,,2100,1500,C1,"The hook dissects around the cystic artery, between cystic artery and cystic plate.",,1890,0405e4b0-843a-469d-a235-6a12383bc1db__C1__avg__c_001500_002100,unsatisfied->satisfied,1,,,1710,between cystic artery and cystic plate,(not set),CysticArtery,Hook,"[""Hook"", ""DISSECT"", ""CysticArtery""]",0405e4b0-843a-469d-a235-6a12383bc1db
DISSECT,right,,,,2100,1500,C1,"The hook dissects around the cystic duct, between presumed cystic duct and presumed cystic artery.",,2070,0405e4b0-843a-469d-a235-6a12383bc1db__C1__avg__c_001500_002100,unsatisfied->satisfied,1,,,1860,between presumed cystic duct and presumed cystic artery,(not set),CysticDuct,Hook,"[""Hook"", ""DISSECT"", ""CysticDuct""]",0405e4b0-843a-469d-a235-6a12383bc1db
,left,,,no,2100,1500,C2,The grasper keeps the gallbladder neck retracted lateral.,lateral,2100,0405e4b0-843a-469d-a235-6a12383bc1db__C2__avg__c_001500_002100,unsatisfied->satisfied,2,KEEP_RETRACT_LATERAL,lateral,1500,,,,,,0405e4b0-843a-469d-a235-6a12383bc1db
DISSECT,right,,,,2100,1500,C2,"The hook dissects around the cystic duct, between presumed cystic duct and presumed cystic artery.",,1680,0405e4b0-843a-469d-a235-6a12383bc1db__C2__avg__c_001500_002100,unsatisfied->satisfied,1,,,1500,between presumed cystic duct and presumed cystic artery,(not set),CysticDuct,Hook,"[""Hook"", ""DISSECT"", ""CysticDuct""]",0405e4b0-843a-469d-a235-6a12383bc1db
DISSECT,right,,,,2100,1500,C2,"The hook dissects around the cystic artery, between cystic artery and cystic plate.",,1890,0405e4b0-843a-469d-a235-6a12383bc1db__C2__avg__c_001500_002100,unsatisfied->satisfied,1,,,1710,between cystic artery and cystic plate,(not set),CysticArtery,Hook,"[""Hook"", ""DISSECT"", ""CysticArtery""]",0405e4b0-843a-469d-a235-6a12383bc1db
DISSECT,right,,,,2100,1500,C2,"The hook dissects around the cystic duct, between presumed cystic duct and presumed cystic artery.",,2070,0405e4b0-843a-469d-a235-6a12383bc1db__C2__avg__c_001500_002100,unsatisfied->satisfied,1,,,1860,between presumed cystic duct and presumed cystic artery,(not set),CysticDuct,Hook,"[""Hook"", ""DISSECT"", ""CysticDuct""]",0405e4b0-843a-469d-a235-6a12383bc1db
,left,,,yes,1350,900,C2,The grasper retracts the gallbladder neck from medial to lateral.,lateral,1230,06cc10f4-8b31-4112-b024-ea1818c5d096__C2__avg__c_000900_001350,unsatisfied->satisfied,1,RETRACT_MEDIAL_TO_LATERAL,medial,1170,,,,,,06cc10f4-8b31-4112-b024-ea1818c5d096
DISSECT,right,,,,1350,900,C2,The hook dissects around the cystic plate.,,1040,06cc10f4-8b31-4112-b024-ea1818c5d096__C2__avg__c_000900_001350,unsatisfied->satisfied,2,,,900,(not set),(not set),CysticPlate,Hook,"[""Hook"", ""DISSECT"", ""CysticPlate""]",06cc10f4-8b31-4112-b024-ea1818c5d096
IRRIGATOR_COUNTERTRACTION_ASSIST,right,,,,1350,900,C2,The hook irrigator countertraction assist the cystic plate.,,1260,06cc10f4-8b31-4112-b024-ea1818c5d096__C2__avg__c_000900_001350,unsatisfied->satisfied,2,,,1230,(not set),(not set),CysticPlate,Hook,"[""Hook"", ""IRRIGATOR_COUNTERTRACTION_ASSIST"", ""CysticPlate""]",06cc10f4-8b31-4112-b024-ea1818c5d096
RETRACT_DOWNWARD,right,,,,1350,900,C2,"The hook retract downward the hepatocystic triangle, near the base of the hepatocystic triangle.",,1350,06cc10f4-8b31-4112-b024-ea1818c5d096__C2__avg__c_000900_001350,unsatisfied->satisfied,2,,,1320,near the base of the hepatocystic triangle,(not set),HepatocysticTriangle,Hook,"[""Hook"", ""RETRACT_DOWNWARD"", ""HepatocysticTriangle""]",06cc10f4-8b31-4112-b024-ea1818c5d096
,left,,,no,2250,1800,C2,The grasper keeps the gallbladder neck retracted lateral.,lateral,2250,06cc10f4-8b31-4112-b024-ea1818c5d096__C2__avg__c_001800_002250,unsatisfied->satisfied,2,KEEP_RETRACT_LATERAL,lateral,1800,,,,,,06cc10f4-8b31-4112-b024-ea1818c5d096
TOOL_WITHDRAW_UNBLOCKS_VIEW,right,,,,2250,1800,C2,The maryland tool withdraw unblocks view the hepatocystic triangle.,,2250,06cc10f4-8b31-4112-b024-ea1818c5d096__C2__avg__c_001800_002250,unsatisfied->satisfied,1,,,1800,(not set),(not set),HepatocysticTriangle,Maryland,"[""Maryland"", ""TOOL_WITHDRAW_UNBLOCKS_VIEW"", ""HepatocysticTriangle""]",06cc10f4-8b31-4112-b024-ea1818c5d096
CAMERA_ZOOM_OUT,camera,,CAMERA_ZOOM_OUT,,2250,1800,C2,The camera zooms out.,,2250,06cc10f4-8b31-4112-b024-ea1818c5d096__C2__avg__c_001800_002250,unsatisfied->satisfied,3,,,2100,,,,,,06cc10f4-8b31-4112-b024-ea1818c5d096
,left,,,yes,1050,600,C3,The grasper retracts the gallbladder neck from lateral to medial.,medial,900,06cc10f4-8b31-4112-b024-ea1818c5d096__C3__avg__c_000600_001050,unsatisfied->satisfied,2,RETRACT_LATERAL_TO_MEDIAL,lateral,720,,,,,,06cc10f4-8b31-4112-b024-ea1818c5d096
DISSECT,right,,,,1050,600,C3,"The hook dissects around the cystic plate, between cystic artery and cystic plate.",,690,06cc10f4-8b31-4112-b024-ea1818c5d096__C3__avg__c_000600_001050,unsatisfied->satisfied,1,,,600,between cystic artery and cystic plate,(not set),CysticPlate,Hook,"[""Hook"", ""DISSECT"", ""CysticPlate""]",06cc10f4-8b31-4112-b024-ea1818c5d096
IRRIGATOR_COUNTERTRACTION_ASSIST,right,,,,1050,600,C3,"The hook irrigator countertraction assist the cystic artery, between cystic artery and cystic plate.",,810,06cc10f4-8b31-4112-b024-ea1818c5d096__C3__avg__c_000600_001050,unsatisfied->satisfied,1,,,750,between cystic artery and cystic plate,(not set),CysticArtery,Hook,"[""Hook"", ""IRRIGATOR_COUNTERTRACTION_ASSIST"", ""CysticArtery""]",06cc10f4-8b31-4112-b024-ea1818c5d096
DISSECT,right,,,,1050,600,C3,"The hook dissects around the cystic plate, between cystic artery and cystic plate.",,1050,06cc10f4-8b31-4112-b024-ea1818c5d096__C3__avg__c_000600_001050,unsatisfied->satisfied,1,,,900,between cystic artery and cystic plate,(not set),CysticPlate,Hook,"[""Hook"", ""DISSECT"", ""CysticPlate""]",06cc10f4-8b31-4112-b024-ea1818c5d096
,left,,,no,2100,1800,C3,The grasper keeps the gallbladder neck retracted lateral.,lateral,2100,06cc10f4-8b31-4112-b024-ea1818c5d096__C3__avg__c_001800_002100,unsatisfied->satisfied,2,KEEP_RETRACT_LATERAL,lateral,1800,,,,,,06cc10f4-8b31-4112-b024-ea1818c5d096
TOOL_WITHDRAW_UNBLOCKS_VIEW,right,,,,2100,1800,C3,The maryland tool withdraw unblocks view the cystic plate.,,2100,06cc10f4-8b31-4112-b024-ea1818c5d096__C3__avg__c_001800_002100,unsatisfied->satisfied,1,,,1800,(not set),(not set),CysticPlate,Maryland,"[""Maryland"", ""TOOL_WITHDRAW_UNBLOCKS_VIEW"", ""CysticPlate""]",06cc10f4-8b31-4112-b024-ea1818c5d096
,left,,,no,900,450,C3,The grasper keeps the gallbladder neck retracted lateral.,lateral,900,0a094835-5933-4f29-a184-6bfa46579272__C3__avg__c_000450_000900,unsatisfied->satisfied,3,KEEP_RETRACT_LATERAL,lateral,450,,,,,,0a094835-5933-4f29-a184-6bfa46579272
DISSECT,right,,,,900,450,C3,"The hook dissects around the cystic artery, between cystic artery and cystic plate.",,600,0a094835-5933-4f29-a184-6bfa46579272__C3__avg__c_000450_000900,unsatisfied->satisfied,4,,,450,between cystic artery and cystic plate,(not set),CysticArtery,Hook,"[""Hook"", ""DISSECT"", ""CysticArtery""]",0a094835-5933-4f29-a184-6bfa46579272
DISSECT,right,,,,900,450,C3,"The hook dissects around the cystic artery, between presumed cystic duct and presumed cystic artery.",,660,0a094835-5933-4f29-a184-6bfa46579272__C3__avg__c_000450_000900,unsatisfied->satisfied,4,,,600,between presumed cystic duct and presumed cystic artery,(not set),CysticArtery,Hook,"[""Hook"", ""DISSECT"", ""CysticArtery""]",0a094835-5933-4f29-a184-6bfa46579272
TOOL_WITHDRAW_UNBLOCKS_VIEW,right,,,,900,450,C3,The hook tool withdraw unblocks view the cystic plate.,,690,0a094835-5933-4f29-a184-6bfa46579272__C3__avg__c_000450_000900,unsatisfied->satisfied,1,,,660,(not set),(not set),CysticPlate,Hook,"[""Hook"", ""TOOL_WITHDRAW_UNBLOCKS_VIEW"", ""CysticPlate""]",0a094835-5933-4f29-a184-6bfa46579272
CAMERA_ZOOM_OUT,camera,,CAMERA_ZOOM_OUT,,900,450,C3,The camera zooms out.,,900,0a094835-5933-4f29-a184-6bfa46579272__C3__avg__c_000450_000900,unsatisfied->satisfied,2,,,750,,,,,,0a094835-5933-4f29-a184-6bfa46579272
,left,,,no,1500,1200,C3,The grasper keeps the gallbladder neck retracted lateral.,lateral,1500,0a094835-5933-4f29-a184-6bfa46579272__C3__avg__c_001200_001500,unsatisfied->satisfied,2,KEEP_RETRACT_LATERAL,lateral,1200,,,,,,0a094835-5933-4f29-a184-6bfa46579272
TOOL_WITHDRAW_UNBLOCKS_VIEW,right,,,,1500,1200,C3,"The maryland tool withdraw unblocks view the hepatocystic triangle, between presumed cystic duct and presumed cystic artery.",,1230,0a094835-5933-4f29-a184-6bfa46579272__C3__avg__c_001200_001500,unsatisfied->satisfied,1,,,1200,between presumed cystic duct and presumed cystic artery,(not set),HepatocysticTriangle,Maryland,"[""Maryland"", ""TOOL_WITHDRAW_UNBLOCKS_VIEW"", ""HepatocysticTriangle""]",0a094835-5933-4f29-a184-6bfa46579272
DISSECT,right,,,,1500,1200,C3,"The maryland dissects around the cystic duct, between presumed cystic duct and presumed cystic artery.",,1320,0a094835-5933-4f29-a184-6bfa46579272__C3__avg__c_001200_001500,unsatisfied->satisfied,1,,,1290,between presumed cystic duct and presumed cystic artery,(not set),CysticDuct,Maryland,"[""Maryland"", ""DISSECT"", ""CysticDuct""]",0a094835-5933-4f29-a184-6bfa46579272
TOOL_WITHDRAW_UNBLOCKS_VIEW,right,,,,1500,1200,C3,The maryland tool withdraw unblocks view the hepatocystic triangle.,,1350,0a094835-5933-4f29-a184-6bfa46579272__C3__avg__c_001200_001500,unsatisfied->satisfied,1,,,1320,(not set),(not set),HepatocysticTriangle,Maryland,"[""Maryland"", ""TOOL_WITHDRAW_UNBLOCKS_VIEW"", ""HepatocysticTriangle""]",0a094835-5933-4f29-a184-6bfa46579272
,left,,,no,2250,1950,C2,The grasper keeps the gallbladder neck retracted lateral.,lateral,2250,0c54c281-0d1f-4403-81ee-82fcfc3c0d76__C2__avg__c_001950_002250,unsatisfied->satisfied,1,KEEP_RETRACT_LATERAL,lateral,1950,,,,,,0c54c281-0d1f-4403-81ee-82fcfc3c0d76
CAMERA_REPOSITION,camera,,CAMERA_REPOSITION,,2250,1950,C2,The camera repositions.,,2100,0c54c281-0d1f-4403-81ee-82fcfc3c0d76__C2__avg__c_001950_002250,unsatisfied->satisfied,2,,,1950,,,,,,0c54c281-0d1f-4403-81ee-82fcfc3c0d76
CAMERA_ZOOM_IN,camera,,CAMERA_ZOOM_IN,,2250,1950,C2,The camera zooms in.,,2250,0c54c281-0d1f-4403-81ee-82fcfc3c0d76__C2__avg__c_001950_002250,unsatisfied->satisfied,2,,,2100,,,,,,0c54c281-0d1f-4403-81ee-82fcfc3c0d76
,left,,,no,2250,1950,C3,The grasper keeps the gallbladder neck retracted lateral.,lateral,2250,0c54c281-0d1f-4403-81ee-82fcfc3c0d76__C3__avg__c_001950_002250,unsatisfied->satisfied,1,KEEP_RETRACT_LATERAL,lateral,1950,,,,,,0c54c281-0d1f-4403-81ee-82fcfc3c0d76
CAMERA_REPOSITION,camera,,CAMERA_REPOSITION,,2250,1950,C3,The camera repositions.,,2100,0c54c281-0d1f-4403-81ee-82fcfc3c0d76__C3__avg__c_001950_002250,unsatisfied->satisfied,2,,,1950,,,,,,0c54c281-0d1f-4403-81ee-82fcfc3c0d76
CAMERA_ZOOM_IN,camera,,CAMERA_ZOOM_IN,,2250,1950,C3,The camera zooms in.,,2250,0c54c281-0d1f-4403-81ee-82fcfc3c0d76__C3__avg__c_001950_002250,unsatisfied->satisfied,2,,,2100,,,,,,0c54c281-0d1f-4403-81ee-82fcfc3c0d76
,left,,,yes,1800,1500,C2,The grasper retracts the gallbladder neck from not retracted to lateral.,lateral,1680,0e5b6b69-2ddb-497e-bc25-aad5fe062df8__C2__avg__c_001500_001800,unsatisfied->satisfied,1,RETRACT_LATERAL,not_retracted,1500,,,,,,0e5b6b69-2ddb-497e-bc25-aad5fe062df8
DISSECT,right,,,,1800,1500,C2,"The maryland dissects around the cystic artery, between cystic artery and cystic plate.",,1710,0e5b6b69-2ddb-497e-bc25-aad5fe062df8__C2__avg__c_001500_001800,unsatisfied->satisfied,3,,,1710,between cystic artery and cystic plate,(not set),CysticArtery,Maryland,"[""Maryland"", ""DISSECT"", ""CysticArtery""]",0e5b6b69-2ddb-497e-bc25-aad5fe062df8
CAMERA_UNCERTAIN,camera,,CAMERA_UNCERTAIN,,1800,1500,C2,The camera is uncertain.,,1800,0e5b6b69-2ddb-497e-bc25-aad5fe062df8__C2__avg__c_001500_001800,unsatisfied->satisfied,2,,,1650,,,,,,0e5b6b69-2ddb-497e-bc25-aad5fe062df8
,left,,,yes,2250,1800,C1,The grasper retracts the gallbladder neck from medial to lateral.,lateral,1950,0f7bd02b-4292-432a-a1bc-bfdf3b53d56b__C1__avg__c_001800_002250,unsatisfied->satisfied,2,RETRACT_MEDIAL_TO_LATERAL,medial,1920,,,,,,0f7bd02b-4292-432a-a1bc-bfdf3b53d56b
DISSECT,right,,,,2250,1800,C1,"The hook dissects around the hepatocystic triangle, near the base of the hepatocystic triangle.",,1920,0f7bd02b-4292-432a-a1bc-bfdf3b53d56b__C1__avg__c_001800_002250,unsatisfied->satisfied,3,,,1800,near the base of the hepatocystic triangle,(not set),HepatocysticTriangle,Hook,"[""Hook"", ""DISSECT"", ""HepatocysticTriangle""]",0f7bd02b-4292-432a-a1bc-bfdf3b53d56b
ICG_SWITCH,other,(not set),,,2250,1800,C1,"The view switches to ICG fluorescence, improving visualization and helping confirm the identity of the biliary structures.",,2200,0f7bd02b-4292-432a-a1bc-bfdf3b53d56b__C1__avg__c_001800_002250,unsatisfied->satisfied,1,,,2070,(not set),(not set),HepatocysticTriangle,(not set),,0f7bd02b-4292-432a-a1bc-bfdf3b53d56b
,left,,,no,2250,1950,C2,The grasper keeps the gallbladder neck retracted lateral.,lateral,2250,0f7bd02b-4292-432a-a1bc-bfdf3b53d56b__C2__avg__c_001950_002250,unsatisfied->satisfied,1,KEEP_RETRACT_LATERAL,lateral,1950,,,,,,0f7bd02b-4292-432a-a1bc-bfdf3b53d56b
ICG_SWITCH,other,(not set),,,2250,1950,C2,"An instrument switches to ICG view of the hepatocystic triangle, to improve visualization and help confirm the identity of the biliary structures.",,2190,0f7bd02b-4292-432a-a1bc-bfdf3b53d56b__C2__avg__c_001950_002250,unsatisfied->satisfied,2,,,2070,(not set),(not set),HepatocysticTriangle,(not set),,0f7bd02b-4292-432a-a1bc-bfdf3b53d56b
,left,,,no,1800,1500,C2,The grasper keeps the gallbladder neck retracted lateral.,lateral,1800,0f7ff338-1195-4482-b26b-530858de1811__C2__avg__c_001500_001800,unsatisfied->satisfied,2,KEEP_RETRACT_LATERAL,lateral,1500,,,,,,0f7ff338-1195-4482-b26b-530858de1811
DISSECT,right,,,,1800,1500,C2,"The hook dissects around the hepatocystic triangle, between presumed cystic duct and presumed cystic artery.",,1800,0f7ff338-1195-4482-b26b-530858de1811__C2__avg__c_001500_001800,unsatisfied->satisfied,1,,,1500,between presumed cystic duct and presumed cystic artery,(not set),HepatocysticTriangle,Hook,"[""Hook"", ""DISSECT"", ""HepatocysticTriangle""]",0f7ff338-1195-4482-b26b-530858de1811
,left,,,yes,900,450,C2,The grasper retracts the gallbladder neck from not retracted to lateral.,lateral,720,10784ea7-8272-4b76-86c5-0f90cf74c750__C2__avg__c_000450_000900,unsatisfied->satisfied,2,RETRACT_LATERAL,not_retracted,600,,,,,,10784ea7-8272-4b76-86c5-0f90cf74c750
DISSECT,right,,,,900,450,C2,The hook dissects around the cystic plate.,,900,10784ea7-8272-4b76-86c5-0f90cf74c750__C2__avg__c_000450_000900,unsatisfied->satisfied,1,,,450,(not set),(not set),CysticPlate,Hook,"[""Hook"", ""DISSECT"", ""CysticPlate""]",10784ea7-8272-4b76-86c5-0f90cf74c750
DISSECT,right,,,,900,450,C2,The hook dissects around the hepatocystic triangle.,,900,10784ea7-8272-4b76-86c5-0f90cf74c750__C2__avg__c_000450_000900,unsatisfied->satisfied,1,,,450,(not set),(not set),HepatocysticTriangle,Hook,"[""Hook"", ""DISSECT"", ""HepatocysticTriangle""]",10784ea7-8272-4b76-86c5-0f90cf74c750
,left,,,yes,900,150,C3,The grasper retracts the gallbladder neck from medial to lateral.,lateral,390,10784ea7-8272-4b76-86c5-0f90cf74c750__C3__avg__c_000150_000900,unsatisfied->satisfied,1,RETRACT_MEDIAL_TO_LATERAL,medial,150,,,,,,10784ea7-8272-4b76-86c5-0f90cf74c750
DISSECT,right,,,,900,150,C3,The hook dissects around the cystic duct.,,900,10784ea7-8272-4b76-86c5-0f90cf74c750__C3__avg__c_000150_000900,unsatisfied->satisfied,2,,,150,(not set),(not set),CysticDuct,Hook,"[""Hook"", ""DISSECT"", ""CysticDuct""]",10784ea7-8272-4b76-86c5-0f90cf74c750
DISSECT,right,,,,900,150,C3,The hook dissects around the cystic plate.,,900,10784ea7-8272-4b76-86c5-0f90cf74c750__C3__avg__c_000150_000900,unsatisfied->satisfied,2,,,150,(not set),(not set),CysticPlate,Hook,"[""Hook"", ""DISSECT"", ""CysticPlate""]",10784ea7-8272-4b76-86c5-0f90cf74c750
DISSECT,right,,,,900,150,C3,The hook dissects around the hepatocystic triangle.,,900,10784ea7-8272-4b76-86c5-0f90cf74c750__C3__avg__c_000150_000900,unsatisfied->satisfied,2,,,150,(not set),(not set),HepatocysticTriangle,Hook,"[""Hook"", ""DISSECT"", ""HepatocysticTriangle""]",10784ea7-8272-4b76-86c5-0f90cf74c750
,left,,,no,2250,1950,C2,The grasper keeps the gallbladder neck retracted lateral.,lateral,2250,10dea02a-5502-4f05-ba3b-191e38fe4b29__C2__avg__c_001950_002250,unsatisfied->satisfied,3,KEEP_RETRACT_LATERAL,lateral,1950,,,,,,10dea02a-5502-4f05-ba3b-191e38fe4b29
DISSECT,right,,,,2250,1950,C2,The hook dissects around the cystic duct.,,2160,10dea02a-5502-4f05-ba3b-191e38fe4b29__C2__avg__c_001950_002250,unsatisfied->satisfied,1,,,1950,(not set),(not set),CysticDuct,Hook,"[""Hook"", ""DISSECT"", ""CysticDuct""]",10dea02a-5502-4f05-ba3b-191e38fe4b29
CAMERA_ZOOM_OUT,camera,,CAMERA_ZOOM_OUT,,2250,1950,C2,The camera zooms out.,,2250,10dea02a-5502-4f05-ba3b-191e38fe4b29__C2__avg__c_001950_002250,unsatisfied->satisfied,2,,,2100,,,,,,10dea02a-5502-4f05-ba3b-191e38fe4b29
,left,,,no,300,0,C2,The grasper keeps the gallbladder neck retracted lateral.,lateral,300,13c28a0c-ff1a-4e46-a9e9-b1b125e01216__C2__avg__c_000000_000300,unsatisfied->satisfied,2,KEEP_RETRACT_LATERAL,lateral,0,,,,,,13c28a0c-ff1a-4e46-a9e9-b1b125e01216
DISSECT,right,,,,300,0,C2,"The hook dissects around the hepatocystic triangle, between presumed cystic duct and presumed cystic artery, and near the base of the hepatocystic triangle.",,300,13c28a0c-ff1a-4e46-a9e9-b1b125e01216__C2__avg__c_000000_000300,unsatisfied->satisfied,1,,,0,between presumed cystic duct and presumed cystic artery,near the base of the hepatocystic triangle,HepatocysticTriangle,Hook,"[""Hook"", ""DISSECT"", ""HepatocysticTriangle""]",13c28a0c-ff1a-4e46-a9e9-b1b125e01216
,left,,,no,750,600,C2,The grasper keeps the gallbladder neck retracted lateral.,lateral,750,13c28a0c-ff1a-4e46-a9e9-b1b125e01216__C2__avg__c_000600_000750,unsatisfied->satisfied,2,KEEP_RETRACT_LATERAL,lateral,600,,,,,,13c28a0c-ff1a-4e46-a9e9-b1b125e01216
DISSECT,right,,,,750,600,C2,"The maryland dissects around the hepatocystic triangle, between presumed cystic duct and presumed cystic artery, and near the base of the hepatocystic triangle.",,750,13c28a0c-ff1a-4e46-a9e9-b1b125e01216__C2__avg__c_000600_000750,unsatisfied->satisfied,1,,,600,between presumed cystic duct and presumed cystic artery,near the base of the hepatocystic triangle,HepatocysticTriangle,Maryland,"[""Maryland"", ""DISSECT"", ""HepatocysticTriangle""]",13c28a0c-ff1a-4e46-a9e9-b1b125e01216
,left,,,no,1500,1200,C2,The grasper keeps the gallbladder neck retracted lateral.,lateral,1500,13c28a0c-ff1a-4e46-a9e9-b1b125e01216__C2__avg__c_001200_001500,unsatisfied->satisfied,2,KEEP_RETRACT_LATERAL,lateral,1200,,,,,,13c28a0c-ff1a-4e46-a9e9-b1b125e01216
DISSECT,right,,,,1500,1200,C2,"The hook dissects around the hepatocystic triangle, between presumed cystic duct and presumed cystic artery.",,1380,13c28a0c-ff1a-4e46-a9e9-b1b125e01216__C2__avg__c_001200_001500,unsatisfied->satisfied,1,,,1200,between presumed cystic duct and presumed cystic artery,(not set),HepatocysticTriangle,Hook,"[""Hook"", ""DISSECT"", ""HepatocysticTriangle""]",13c28a0c-ff1a-4e46-a9e9-b1b125e01216
DISSECT,right,,,,1500,1200,C2,"The hook dissects around the hepatocystic triangle, near the base of the hepatocystic triangle.",,1500,13c28a0c-ff1a-4e46-a9e9-b1b125e01216__C2__avg__c_001200_001500,unsatisfied->satisfied,1,,,1410,near the base of the hepatocystic triangle,(not set),HepatocysticTriangle,Hook,"[""Hook"", ""DISSECT"", ""HepatocysticTriangle""]",13c28a0c-ff1a-4e46-a9e9-b1b125e01216
,left,,,no,1950,1800,C2,The grasper keeps the gallbladder neck retracted lateral.,lateral,1950,13c28a0c-ff1a-4e46-a9e9-b1b125e01216__C2__avg__c_001800_001950,unsatisfied->satisfied,2,KEEP_RETRACT_LATERAL,lateral,1800,,,,,,13c28a0c-ff1a-4e46-a9e9-b1b125e01216
DISSECT,right,,,,1950,1800,C2,"The hook dissects around the hepatocystic triangle, between presumed cystic duct and presumed cystic artery, and near the base of the hepatocystic triangle.",,1950,13c28a0c-ff1a-4e46-a9e9-b1b125e01216__C2__avg__c_001800_001950,unsatisfied->satisfied,1,,,1860,between presumed cystic duct and presumed cystic artery,near the base of the hepatocystic triangle,HepatocysticTriangle,Hook,"[""Hook"", ""DISSECT"", ""HepatocysticTriangle""]",13c28a0c-ff1a-4e46-a9e9-b1b125e01216
,left,,,yes,2100,1800,C3,The grasper retracts the gallbladder neck from lateral to medial.,medial,2070,13c28a0c-ff1a-4e46-a9e9-b1b125e01216__C3__avg__c_001800_002100,unsatisfied->satisfied,1,RETRACT_LATERAL_TO_MEDIAL,lateral,2040,,,,,,13c28a0c-ff1a-4e46-a9e9-b1b125e01216
DISSECT,right,,,,2100,1800,C3,"The hook dissects around the hepatocystic triangle, near the base of the hepatocystic triangle.",,1950,13c28a0c-ff1a-4e46-a9e9-b1b125e01216__C3__avg__c_001800_002100,unsatisfied->satisfied,2,,,1860,near the base of the hepatocystic triangle,(not set),HepatocysticTriangle,Hook,"[""Hook"", ""DISSECT"", ""HepatocysticTriangle""]",13c28a0c-ff1a-4e46-a9e9-b1b125e01216
,left,,,no,1500,1050,C1,The grasper keeps the gallbladder neck retracted lateral.,lateral,1500,144fef8d-eaed-48ac-ba3b-a7a214e95f42__C1__avg__c_001050_001500,unsatisfied->satisfied,2,KEEP_RETRACT_LATERAL,lateral,1050,,,,,,144fef8d-eaed-48ac-ba3b-a7a214e95f42
DISSECT,right,,,,1500,1050,C1,"The hook dissects around the hepatocystic triangle, between presumed cystic duct and presumed cystic artery.",,1500,144fef8d-eaed-48ac-ba3b-a7a214e95f42__C1__avg__c_001050_001500,unsatisfied->satisfied,1,,,1050,between presumed cystic duct and presumed cystic artery,(not set),HepatocysticTriangle,Hook,"[""Hook"", ""DISSECT"", ""HepatocysticTriangle""]",144fef8d-eaed-48ac-ba3b-a7a214e95f42
,left,,,no,1800,1050,C2,The grasper keeps the gallbladder neck retracted lateral.,lateral,1800,144fef8d-eaed-48ac-ba3b-a7a214e95f42__C2__avg__c_001050_001800,unsatisfied->satisfied,2,KEEP_RETRACT_LATERAL,lateral,1050,,,,,,144fef8d-eaed-48ac-ba3b-a7a214e95f42
DISSECT,right,,,,1800,1050,C2,"The hook dissects around the hepatocystic triangle, near the base of the hepatocystic triangle, and close to the gallbladder neck.",,1800,144fef8d-eaed-48ac-ba3b-a7a214e95f42__C2__avg__c_001050_001800,unsatisfied->satisfied,1,,,1050,near the base of the hepatocystic triangle,close to the gallbladder neck,HepatocysticTriangle,Hook,"[""Hook"", ""DISSECT"", ""HepatocysticTriangle""]",144fef8d-eaed-48ac-ba3b-a7a214e95f42
,left,,,yes,1200,750,C1,The grasper retracts the gallbladder neck from not retracted to lateral.,lateral,810,14d2ecc3-bbdb-42e1-9e69-91b72d1f7cfb__C1__avg__c_000750_001200,unsatisfied->satisfied,2,RETRACT_LATERAL,not_retracted,750,,,,,,14d2ecc3-bbdb-42e1-9e69-91b72d1f7cfb
DISSECT,right,,,,1200,750,C1,"The hook dissects around the hepatocystic triangle, between presumed cystic duct and presumed cystic artery.",,780,14d2ecc3-bbdb-42e1-9e69-91b72d1f7cfb__C1__avg__c_000750_001200,unsatisfied->satisfied,1,,,780,between presumed cystic duct and presumed cystic artery,(not set),HepatocysticTriangle,Hook,"[""Hook"", ""DISSECT"", ""HepatocysticTriangle""]",14d2ecc3-bbdb-42e1-9e69-91b72d1f7cfb
DISSECT,right,,,,1200,750,C1,"The hook dissects around the cystic artery, between presumed cystic duct and presumed cystic artery.",,1200,14d2ecc3-bbdb-42e1-9e69-91b72d1f7cfb__C1__avg__c_000750_001200,unsatisfied->satisfied,1,,,900,between presumed cystic duct and presumed cystic artery,(not set),CysticArtery,Hook,"[""Hook"", ""DISSECT"", ""CysticArtery""]",14d2ecc3-bbdb-42e1-9e69-91b72d1f7cfb
ICG_SWITCH,other,(not set),,,1200,750,C1,"An instrument switches to ICG view of the hepatocystic triangle, to improve visualization and help confirm the identity of the biliary structures.",,990,14d2ecc3-bbdb-42e1-9e69-91b72d1f7cfb__C1__avg__c_000750_001200,unsatisfied->satisfied,3,,,870,(not set),(not set),HepatocysticTriangle,(not set),,14d2ecc3-bbdb-42e1-9e69-91b72d1f7cfb
,left,,,no,2250,1500,C1,The grasper keeps the gallbladder neck retracted lateral.,lateral,2250,14d2ecc3-bbdb-42e1-9e69-91b72d1f7cfb__C1__avg__c_001500_002250,unsatisfied->satisfied,3,KEEP_RETRACT_LATERAL,lateral,1500,,,,,,14d2ecc3-bbdb-42e1-9e69-91b72d1f7cfb
DISSECT,right,,,,2250,1500,C1,"The hook dissects around the cystic duct, between presumed cystic duct and presumed cystic artery.",,2040,14d2ecc3-bbdb-42e1-9e69-91b72d1f7cfb__C1__avg__c_001500_002250,unsatisfied->satisfied,1,,,1500,between presumed cystic duct and presumed cystic artery,(not set),CysticDuct,Hook,"[""Hook"", ""DISSECT"", ""CysticDuct""]",14d2ecc3-bbdb-42e1-9e69-91b72d1f7cfb
CAMERA_NO_CHANGE,camera,,CAMERA_NO_CHANGE,,2250,1500,C1,The camera does not change.,,1950,14d2ecc3-bbdb-42e1-9e69-91b72d1f7cfb__C1__avg__c_001500_002250,unsatisfied->satisfied,2,,,1500,,,,,,14d2ecc3-bbdb-42e1-9e69-91b72d1f7cfb
CAMERA_ZOOM_OUT,camera,,CAMERA_ZOOM_OUT,,2250,1500,C1,The camera zooms out.,,2250,14d2ecc3-bbdb-42e1-9e69-91b72d1f7cfb__C1__avg__c_001500_002250,unsatisfied->satisfied,2,,,1950,,,,,,14d2ecc3-bbdb-42e1-9e69-91b72d1f7cfb
DISSECT,right,,,,300,0,C2,"The hook dissects around the cystic artery, between cystic artery and cystic plate.",,300,14d2ecc3-bbdb-42e1-9e69-91b72d1f7cfb__C2__avg__c_000000_000300,unsatisfied->satisfied,1,,,0,between cystic artery and cystic plate,(not set),CysticArtery,Hook,"[""Hook"", ""DISSECT"", ""CysticArtery""]",14d2ecc3-bbdb-42e1-9e69-91b72d1f7cfb
,left,,,yes,1200,750,C2,The grasper retracts the gallbladder neck from not retracted to lateral.,lateral,810,14d2ecc3-bbdb-42e1-9e69-91b72d1f7cfb__C2__avg__c_000750_001200,unsatisfied->satisfied,2,RETRACT_LATERAL,not_retracted,750,,,,,,14d2ecc3-bbdb-42e1-9e69-91b72d1f7cfb
DISSECT,right,,,,1200,750,C2,"The hook dissects around the hepatocystic triangle, between presumed cystic duct and presumed cystic artery.",,780,14d2ecc3-bbdb-42e1-9e69-91b72d1f7cfb__C2__avg__c_000750_001200,unsatisfied->satisfied,1,,,750,between presumed cystic duct and presumed cystic artery,(not set),HepatocysticTriangle,Hook,"[""Hook"", ""DISSECT"", ""HepatocysticTriangle""]",14d2ecc3-bbdb-42e1-9e69-91b72d1f7cfb
DISSECT,right,,,,1200,750,C2,"The hook dissects around the cystic artery, between presumed cystic duct and presumed cystic artery, and near the base of the hepatocystic triangle.",,1200,14d2ecc3-bbdb-42e1-9e69-91b72d1f7cfb__C2__avg__c_000750_001200,unsatisfied->satisfied,1,,,930,between presumed cystic duct and presumed cystic artery,near the base of the hepatocystic triangle,CysticArtery,Hook,"[""Hook"", ""DISSECT"", ""CysticArtery""]",14d2ecc3-bbdb-42e1-9e69-91b72d1f7cfb
ICG_SWITCH,other,(not set),,,1200,750,C2,The ICG is switched.,,990,14d2ecc3-bbdb-42e1-9e69-91b72d1f7cfb__C2__avg__c_000750_001200,unsatisfied->satisfied,3,,,870,(not set),(not set),(not set),(not set),,14d2ecc3-bbdb-42e1-9e69-91b72d1f7cfb
DISSECT,right,,,,750,450,C2,"The hook dissects around the hepatocystic triangle, between cystic artery and cystic plate.",,750,16e33e34-9e96-4156-b4ce-7591dcf813da__C2__avg__c_000450_000750,unsatisfied->satisfied,1,,,450,between cystic artery and cystic plate,(not set),HepatocysticTriangle,Hook,"[""Hook"", ""DISSECT"", ""HepatocysticTriangle""]",16e33e34-9e96-4156-b4ce-7591dcf813da
CAMERA_REPOSITION,camera,,CAMERA_REPOSITION,,750,450,C2,The camera repositions.,,540,16e33e34-9e96-4156-b4ce-7591dcf813da__C2__avg__c_000450_000750,unsatisfied->satisfied,2,,,450,,,,,,16e33e34-9e96-4156-b4ce-7591dcf813da
CAMERA_ZOOM_OUT,camera,,CAMERA_ZOOM_OUT,,750,450,C2,The camera zooms out.,,750,16e33e34-9e96-4156-b4ce-7591dcf813da__C2__avg__c_000450_000750,unsatisfied->satisfied,2,,,600,,,,,,16e33e34-9e96-4156-b4ce-7591dcf813da
,left,,,no,1650,1200,C2,The grasper keeps the gallbladder neck retracted lateral.,lateral,1650,16e33e34-9e96-4156-b4ce-7591dcf813da__C2__avg__c_001200_001650,unsatisfied->satisfied,2,KEEP_RETRACT_LATERAL,lateral,1200,,,,,,16e33e34-9e96-4156-b4ce-7591dcf813da
DISSECT,right,,,,1650,1200,C2,"The hook dissects around the hepatocystic triangle, between cystic artery and cystic plate.",,1380,16e33e34-9e96-4156-b4ce-7591dcf813da__C2__avg__c_001200_001650,unsatisfied->satisfied,1,,,1200,between cystic artery and cystic plate,(not set),HepatocysticTriangle,Hook,"[""Hook"", ""DISSECT"", ""HepatocysticTriangle""]",16e33e34-9e96-4156-b4ce-7591dcf813da
DISSECT,right,,,,1650,1200,C2,"The hook dissects around the cystic artery, between presumed cystic duct and presumed cystic artery.",,1470,16e33e34-9e96-4156-b4ce-7591dcf813da__C2__avg__c_001200_001650,unsatisfied->satisfied,1,,,1410,between presumed cystic duct and presumed cystic artery,(not set),CysticArtery,Hook,"[""Hook"", ""DISSECT"", ""CysticArtery""]",16e33e34-9e96-4156-b4ce-7591dcf813da
CAMERA_REPOSITION,camera,,CAMERA_REPOSITION,,1650,1200,C2,The camera repositions.,,1410,16e33e34-9e96-4156-b4ce-7591dcf813da__C2__avg__c_001200_001650,unsatisfied->satisfied,3,,,1380,,,,,,16e33e34-9e96-4156-b4ce-7591dcf813da
,left,,,yes,2250,1950,C2,The grasper retracts the gallbladder neck from not retracted to lateral.,lateral,2160,16e33e34-9e96-4156-b4ce-7591dcf813da__C2__avg__c_001950_002250,unsatisfied->satisfied,2,RETRACT_LATERAL,not_retracted,1950,,,,,,16e33e34-9e96-4156-b4ce-7591dcf813da
IRRIGATOR_COUNTERTRACTION_ASSIST,right,,,,2250,1950,C2,The irrigator irrigator countertraction assist the gallbladder neck infundibulum.,,2190,16e33e34-9e96-4156-b4ce-7591dcf813da__C2__avg__c_001950_002250,unsatisfied->satisfied,1,,,1950,(not set),(not set),GallbladderNeck_Infundibulum,Irrigator,"[""Irrigator"", ""IRRIGATOR_COUNTERTRACTION_ASSIST"", ""GallbladderNeck_Infundibulum""]",16e33e34-9e96-4156-b4ce-7591dcf813da
,left,,,no,900,600,C3,The grasper keeps the gallbladder neck retracted lateral.,lateral,900,16e33e34-9e96-4156-b4ce-7591dcf813da__C3__avg__c_000600_000900,unsatisfied->satisfied,2,KEEP_RETRACT_LATERAL,lateral,600,,,,,,16e33e34-9e96-4156-b4ce-7591dcf813da
DISSECT,right,,,,900,600,C3,"The hook dissects around the cystic plate, between cystic artery and cystic plate.",,900,16e33e34-9e96-4156-b4ce-7591dcf813da__C3__avg__c_000600_000900,unsatisfied->satisfied,1,,,600,between cystic artery and cystic plate,(not set),CysticPlate,Hook,"[""Hook"", ""DISSECT"", ""CysticPlate""]",16e33e34-9e96-4156-b4ce-7591dcf813da
CAMERA_UNCERTAIN,camera,,CAMERA_UNCERTAIN,,900,600,C3,The camera is uncertain.,,750,16e33e34-9e96-4156-b4ce-7591dcf813da__C3__avg__c_000600_000900,unsatisfied->satisfied,3,,,600,,,,,,16e33e34-9e96-4156-b4ce-7591dcf813da
CAMERA_ZOOM_IN,camera,,CAMERA_ZOOM_IN,,900,600,C3,The camera zooms in.,,900,16e33e34-9e96-4156-b4ce-7591dcf813da__C3__avg__c_000600_000900,unsatisfied->satisfied,3,,,750,,,,,,16e33e34-9e96-4156-b4ce-7591dcf813da
,left,,,yes,2250,1950,C3,The grasper retracts the gallbladder neck from not retracted to lateral.,lateral,2160,16e33e34-9e96-4156-b4ce-7591dcf813da__C3__avg__c_001950_002250,unsatisfied->satisfied,2,RETRACT_LATERAL,not_retracted,1950,,,,,,16e33e34-9e96-4156-b4ce-7591dcf813da
IRRIGATOR_COUNTERTRACTION_ASSIST,right,,,,2250,1950,C3,The irrigator irrigator countertraction assist the gallbladder neck infundibulum.,,2190,16e33e34-9e96-4156-b4ce-7591dcf813da__C3__avg__c_001950_002250,unsatisfied->satisfied,1,,,1950,(not set),(not set),GallbladderNeck_Infundibulum,Irrigator,"[""Irrigator"", ""IRRIGATOR_COUNTERTRACTION_ASSIST"", ""GallbladderNeck_Infundibulum""]",16e33e34-9e96-4156-b4ce-7591dcf813da
,left,,,yes,1200,750,C1,The grasper retracts the gallbladder neck from medial to lateral.,lateral,1050,1971efbe-2e68-4e13-ba04-2bc6ed76b4f1__C1__avg__c_000750_001200,unsatisfied->satisfied,1,RETRACT_MEDIAL_TO_LATERAL,medial,1020,,,,,,1971efbe-2e68-4e13-ba04-2bc6ed76b4f1
DISSECT,right,,,,1200,750,C1,The hook dissects around the cystic plate.,,1020,1971efbe-2e68-4e13-ba04-2bc6ed76b4f1__C1__avg__c_000750_001200,unsatisfied->satisfied,3,,,750,(not set),(not set),CysticPlate,Hook,"[""Hook"", ""DISSECT"", ""CysticPlate""]",1971efbe-2e68-4e13-ba04-2bc6ed76b4f1
DISSECT,right,,,,1200,750,C1,The hook dissects around the cystic artery.,,1200,1971efbe-2e68-4e13-ba04-2bc6ed76b4f1__C1__avg__c_000750_001200,unsatisfied->satisfied,3,,,1110,(not set),(not set),CysticArtery,Hook,"[""Hook"", ""DISSECT"", ""CysticArtery""]",1971efbe-2e68-4e13-ba04-2bc6ed76b4f1
CAMERA_REPOSITION,camera,,CAMERA_REPOSITION,,1200,750,C1,The camera repositions.,,900,1971efbe-2e68-4e13-ba04-2bc6ed76b4f1__C1__avg__c_000750_001200,unsatisfied->satisfied,2,,,750,,,,,,1971efbe-2e68-4e13-ba04-2bc6ed76b4f1
CAMERA_UNCERTAIN,camera,,CAMERA_UNCERTAIN,,1200,750,C1,The camera is uncertain.,,1050,1971efbe-2e68-4e13-ba04-2bc6ed76b4f1__C1__avg__c_000750_001200,unsatisfied->satisfied,2,,,900,,,,,,1971efbe-2e68-4e13-ba04-2bc6ed76b4f1
CAMERA_ZOOM_OUT,camera,,CAMERA_ZOOM_OUT,,1200,750,C1,The camera zooms out.,,1200,1971efbe-2e68-4e13-ba04-2bc6ed76b4f1__C1__avg__c_000750_001200,unsatisfied->satisfied,2,,,1050,,,,,,1971efbe-2e68-4e13-ba04-2bc6ed76b4f1
DISSECT,right,,,,1950,1500,C1,"The hook dissects around the hepatocystic triangle, between cystic artery and cystic plate.",,1650,1971efbe-2e68-4e13-ba04-2bc6ed76b4f1__C1__avg__c_001500_001950,unsatisfied->satisfied,2,,,1500,between cystic artery and cystic plate,(not set),HepatocysticTriangle,Hook,"[""Hook"", ""DISSECT"", ""HepatocysticTriangle""]",1971efbe-2e68-4e13-ba04-2bc6ed76b4f1
DISSECT,right,,,,1950,1500,C1,"The hook dissects around the hepatocystic triangle, between cystic artery and cystic plate.",,1770,1971efbe-2e68-4e13-ba04-2bc6ed76b4f1__C1__avg__c_001500_001950,unsatisfied->satisfied,2,,,1710,between cystic artery and cystic plate,(not set),HepatocysticTriangle,Hook,"[""Hook"", ""DISSECT"", ""HepatocysticTriangle""]",1971efbe-2e68-4e13-ba04-2bc6ed76b4f1
CAMERA_ZOOM_OUT,camera,,CAMERA_ZOOM_OUT,,1950,1500,C1,The camera zooms out.,,1650,1971efbe-2e68-4e13-ba04-2bc6ed76b4f1__C1__avg__c_001500_001950,unsatisfied->satisfied,1,,,1500,,,,,,1971efbe-2e68-4e13-ba04-2bc6ed76b4f1
CAMERA_REPOSITION,camera,,CAMERA_REPOSITION,,1950,1500,C1,The camera repositions.,,1800,1971efbe-2e68-4e13-ba04-2bc6ed76b4f1__C1__avg__c_001500_001950,unsatisfied->satisfied,1,,,1650,,,,,,1971efbe-2e68-4e13-ba04-2bc6ed76b4f1
CAMERA_ZOOM_OUT,camera,,CAMERA_ZOOM_OUT,,1950,1500,C1,The camera zooms out.,,1950,1971efbe-2e68-4e13-ba04-2bc6ed76b4f1__C1__avg__c_001500_001950,unsatisfied->satisfied,1,,,1800,,,,,,1971efbe-2e68-4e13-ba04-2bc6ed76b4f1
,left,,,yes,1200,750,C2,The grasper retracts the gallbladder neck from medial to lateral.,lateral,1050,1971efbe-2e68-4e13-ba04-2bc6ed76b4f1__C2__avg__c_000750_001200,unsatisfied->satisfied,2,RETRACT_MEDIAL_TO_LATERAL,medial,1020,,,,,,1971efbe-2e68-4e13-ba04-2bc6ed76b4f1
DISSECT,right,,,,1200,750,C2,"The hook dissects around the cystic plate, between cystic artery and cystic plate.",,960,1971efbe-2e68-4e13-ba04-2bc6ed76b4f1__C2__avg__c_000750_001200,unsatisfied->satisfied,1,,,750,between cystic artery and cystic plate,(not set),CysticPlate,Hook,"[""Hook"", ""DISSECT"", ""CysticPlate""]",1971efbe-2e68-4e13-ba04-2bc6ed76b4f1
DISSECT,right,,,,1200,750,C2,"The hook dissects around the cystic artery, between cystic artery and cystic plate.",,1200,1971efbe-2e68-4e13-ba04-2bc6ed76b4f1__C2__avg__c_000750_001200,unsatisfied->satisfied,1,,,1110,between cystic artery and cystic plate,(not set),CysticArtery,Hook,"[""Hook"", ""DISSECT"", ""CysticArtery""]",1971efbe-2e68-4e13-ba04-2bc6ed76b4f1
CAMERA_REPOSITION,camera,,CAMERA_REPOSITION,,1200,750,C2,The camera repositions.,,900,1971efbe-2e68-4e13-ba04-2bc6ed76b4f1__C2__avg__c_000750_001200,unsatisfied->satisfied,3,,,750,,,,,,1971efbe-2e68-4e13-ba04-2bc6ed76b4f1
CAMERA_UNCERTAIN,camera,,CAMERA_UNCERTAIN,,1200,750,C2,The camera is uncertain.,,1050,1971efbe-2e68-4e13-ba04-2bc6ed76b4f1__C2__avg__c_000750_001200,unsatisfied->satisfied,3,,,900,,,,,,1971efbe-2e68-4e13-ba04-2bc6ed76b4f1
CAMERA_ZOOM_OUT,camera,,CAMERA_ZOOM_OUT,,1200,750,C2,The camera zooms out.,,1200,1971efbe-2e68-4e13-ba04-2bc6ed76b4f1__C2__avg__c_000750_001200,unsatisfied->satisfied,3,,,1050,,,,,,1971efbe-2e68-4e13-ba04-2bc6ed76b4f1
,left,,,no,1800,1500,C2,The grasper keeps the gallbladder neck retracted lateral.,lateral,1800,1971efbe-2e68-4e13-ba04-2bc6ed76b4f1__C2__avg__c_001500_001800,unsatisfied->satisfied,3,KEEP_RETRACT_LATERAL,lateral,1500,,,,,,1971efbe-2e68-4e13-ba04-2bc6ed76b4f1
DISSECT,right,,,,1800,1500,C2,"The hook dissects around the hepatocystic triangle, between cystic artery and cystic plate.",,1650,1971efbe-2e68-4e13-ba04-2bc6ed76b4f1__C2__avg__c_001500_001800,unsatisfied->satisfied,1,,,1500,between cystic artery and cystic plate,(not set),HepatocysticTriangle,Hook,"[""Hook"", ""DISSECT"", ""HepatocysticTriangle""]",1971efbe-2e68-4e13-ba04-2bc6ed76b4f1
DISSECT,right,,,,1800,1500,C2,"The hook dissects around the cystic artery, between presumed cystic duct and presumed cystic artery.",,1800,1971efbe-2e68-4e13-ba04-2bc6ed76b4f1__C2__avg__c_001500_001800,unsatisfied->satisfied,1,,,1710,between presumed cystic duct and presumed cystic artery,(not set),CysticArtery,Hook,"[""Hook"", ""DISSECT"", ""CysticArtery""]",1971efbe-2e68-4e13-ba04-2bc6ed76b4f1
CAMERA_ZOOM_OUT,camera,,CAMERA_ZOOM_OUT,,1800,1500,C2,The camera zooms out.,,1800,1971efbe-2e68-4e13-ba04-2bc6ed76b4f1__C2__avg__c_001500_001800,unsatisfied->satisfied,2,,,1500,,,,,,1971efbe-2e68-4e13-ba04-2bc6ed76b4f1
CAMERA_REPOSITION,camera,,CAMERA_REPOSITION,,1800,1500,C2,The camera repositions.,,1800,1971efbe-2e68-4e13-ba04-2bc6ed76b4f1__C2__avg__c_001500_001800,unsatisfied->satisfied,2,,,1650,,,,,,1971efbe-2e68-4e13-ba04-2bc6ed76b4f1
,left,,,yes,1350,900,C3,The grasper retracts the gallbladder neck from medial to lateral.,lateral,1050,1971efbe-2e68-4e13-ba04-2bc6ed76b4f1__C3__avg__c_000900_001350,unsatisfied->satisfied,2,RETRACT_MEDIAL_TO_LATERAL,medial,1020,,,,,,1971efbe-2e68-4e13-ba04-2bc6ed76b4f1
DISSECT,right,,,,1350,900,C3,"The hook dissects around the cystic plate, between cystic artery and cystic plate.",,960,1971efbe-2e68-4e13-ba04-2bc6ed76b4f1__C3__avg__c_000900_001350,unsatisfied->satisfied,1,,,900,between cystic artery and cystic plate,(not set),CysticPlate,Hook,"[""Hook"", ""DISSECT"", ""CysticPlate""]",1971efbe-2e68-4e13-ba04-2bc6ed76b4f1
DISSECT,right,,,,1350,900,C3,"The hook dissects around the cystic artery, between cystic artery and cystic plate.",,1200,1971efbe-2e68-4e13-ba04-2bc6ed76b4f1__C3__avg__c_000900_001350,unsatisfied->satisfied,1,,,1110,between cystic artery and cystic plate,(not set),CysticArtery,Hook,"[""Hook"", ""DISSECT"", ""CysticArtery""]",1971efbe-2e68-4e13-ba04-2bc6ed76b4f1
DISSECT,right,,,,1350,900,C3,"The hook dissects around the hepatocystic triangle, between cystic artery and cystic plate.",,1350,1971efbe-2e68-4e13-ba04-2bc6ed76b4f1__C3__avg__c_000900_001350,unsatisfied->satisfied,1,,,1290,between cystic artery and cystic plate,(not set),HepatocysticTriangle,Hook,"[""Hook"", ""DISSECT"", ""HepatocysticTriangle""]",1971efbe-2e68-4e13-ba04-2bc6ed76b4f1
CAMERA_ZOOM_IN,camera,,CAMERA_ZOOM_IN,,1350,900,C3,The camera zooms in.,,1050,1971efbe-2e68-4e13-ba04-2bc6ed76b4f1__C3__avg__c_000900_001350,unsatisfied->satisfied,3,,,900,,,,,,1971efbe-2e68-4e13-ba04-2bc6ed76b4f1
CAMERA_ZOOM_OUT,camera,,CAMERA_ZOOM_OUT,,1350,900,C3,The camera zooms out.,,1350,1971efbe-2e68-4e13-ba04-2bc6ed76b4f1__C3__avg__c_000900_001350,unsatisfied->satisfied,3,,,1050,,,,,,1971efbe-2e68-4e13-ba04-2bc6ed76b4f1
,left,,,no,1800,1500,C3,The grasper keeps the gallbladder neck retracted lateral.,lateral,1800,1971efbe-2e68-4e13-ba04-2bc6ed76b4f1__C3__avg__c_001500_001800,unsatisfied->satisfied,3,KEEP_RETRACT_LATERAL,lateral,1500,,,,,,1971efbe-2e68-4e13-ba04-2bc6ed76b4f1
DISSECT,right,,,,1800,1500,C3,"The hook dissects around the hepatocystic triangle, between cystic artery and cystic plate.",,1650,1971efbe-2e68-4e13-ba04-2bc6ed76b4f1__C3__avg__c_001500_001800,unsatisfied->satisfied,1,,,1530,between cystic artery and cystic plate,(not set),HepatocysticTriangle,Hook,"[""Hook"", ""DISSECT"", ""HepatocysticTriangle""]",1971efbe-2e68-4e13-ba04-2bc6ed76b4f1
DISSECT,right,,,,1800,1500,C3,"The hook dissects around the hepatocystic triangle, between presumed cystic duct and presumed cystic artery.",,1800,1971efbe-2e68-4e13-ba04-2bc6ed76b4f1__C3__avg__c_001500_001800,unsatisfied->satisfied,1,,,1710,between presumed cystic duct and presumed cystic artery,(not set),HepatocysticTriangle,Hook,"[""Hook"", ""DISSECT"", ""HepatocysticTriangle""]",1971efbe-2e68-4e13-ba04-2bc6ed76b4f1
CAMERA_ZOOM_OUT,camera,,CAMERA_ZOOM_OUT,,1800,1500,C3,The camera zooms out.,,1650,1971efbe-2e68-4e13-ba04-2bc6ed76b4f1__C3__avg__c_001500_001800,unsatisfied->satisfied,2,,,1500,,,,,,1971efbe-2e68-4e13-ba04-2bc6ed76b4f1
CAMERA_REPOSITION,camera,,CAMERA_REPOSITION,,1800,1500,C3,The camera repositions.,,1800,1971efbe-2e68-4e13-ba04-2bc6ed76b4f1__C3__avg__c_001500_001800,unsatisfied->satisfied,2,,,1650,,,,,,1971efbe-2e68-4e13-ba04-2bc6ed76b4f1
CAMERA_REPOSITION,camera,,CAMERA_REPOSITION,,150,0,C1,The camera repositions.,,150,1b7257e7-f6bb-4c2e-96eb-5c0e783f2983__C1__avg__c_000000_000150,unsatisfied->satisfied,2,,,0,,,,,,1b7257e7-f6bb-4c2e-96eb-5c0e783f2983
CAMERA_ZOOM_OUT,camera,,CAMERA_ZOOM_OUT,,750,600,C1,The camera zooms out.,,750,1b7257e7-f6bb-4c2e-96eb-5c0e783f2983__C1__avg__c_000600_000750,unsatisfied->satisfied,2,,,600,,,,,,1b7257e7-f6bb-4c2e-96eb-5c0e783f2983
CAMERA_ZOOM_OUT,camera,,CAMERA_ZOOM_OUT,,1350,1050,C1,The camera zooms out.,,1200,1b7257e7-f6bb-4c2e-96eb-5c0e783f2983__C1__avg__c_001050_001350,unsatisfied->satisfied,2,,,1050,,,,,,1b7257e7-f6bb-4c2e-96eb-5c0e783f2983
CAMERA_ZOOM_OUT,camera,,CAMERA_ZOOM_OUT,,2250,1650,C1,The camera zooms out.,,1950,1b7257e7-f6bb-4c2e-96eb-5c0e783f2983__C1__avg__c_001650_002250,unsatisfied->satisfied,2,,,1800,,,,,,1b7257e7-f6bb-4c2e-96eb-5c0e783f2983
CAMERA_ZOOM_IN,camera,,CAMERA_ZOOM_IN,,2250,1650,C1,The camera zooms in.,,2250,1b7257e7-f6bb-4c2e-96eb-5c0e783f2983__C1__avg__c_001650_002250,unsatisfied->satisfied,2,,,2100,,,,,,1b7257e7-f6bb-4c2e-96eb-5c0e783f2983
CAMERA_ZOOM_OUT,camera,,CAMERA_ZOOM_OUT,,1350,1050,C2,The camera zooms out.,,1200,1b7257e7-f6bb-4c2e-96eb-5c0e783f2983__C2__avg__c_001050_001350,unsatisfied->satisfied,2,,,1050,,,,,,1b7257e7-f6bb-4c2e-96eb-5c0e783f2983
,left,,,no,450,0,C1,The grasper keeps the gallbladder neck retracted upward.,upward,450,1cd76ca0-9ddb-4204-a783-bd245a6cc604__C1__avg__c_000000_000450,unsatisfied->satisfied,2,KEEP_RETRACT_UPWARD,upward,0,,,,,,1cd76ca0-9ddb-4204-a783-bd245a6cc604
DISSECT,right,,,,450,0,C1,"The maryland dissects around the hepatocystic triangle, between presumed cystic duct and presumed cystic artery.",,150,1cd76ca0-9ddb-4204-a783-bd245a6cc604__C1__avg__c_000000_000450,unsatisfied->satisfied,1,,,0,between presumed cystic duct and presumed cystic artery,(not set),HepatocysticTriangle,Maryland,"[""Maryland"", ""DISSECT"", ""HepatocysticTriangle""]",1cd76ca0-9ddb-4204-a783-bd245a6cc604
,left,,,yes,1950,1200,C1,The grasper retracts the gallbladder neck from upward to lateral.,lateral,1500,1cd76ca0-9ddb-4204-a783-bd245a6cc604__C1__avg__c_001200_001950,unsatisfied->satisfied,1,RETRACT_UPWARD_TO_LATERAL,upward,1470,,,,,,1cd76ca0-9ddb-4204-a783-bd245a6cc604
CLIP,right,,,,1950,1200,C1,The clipper clips the cystic duct.,,1440,1cd76ca0-9ddb-4204-a783-bd245a6cc604__C1__avg__c_001200_001950,unsatisfied->satisfied,3,,,1200,(not set),(not set),CysticDuct,clipper,"[""clipper"", ""CLIP"", ""CysticDuct""]",1cd76ca0-9ddb-4204-a783-bd245a6cc604
CAMERA_UNCERTAIN,camera,,CAMERA_UNCERTAIN,,1950,1200,C1,The camera is uncertain.,,1350,1cd76ca0-9ddb-4204-a783-bd245a6cc604__C1__avg__c_001200_001950,unsatisfied->satisfied,2,,,1200,,,,,,1cd76ca0-9ddb-4204-a783-bd245a6cc604
CAMERA_UNCERTAIN,camera,,CAMERA_UNCERTAIN,,1950,1200,C1,The camera is uncertain.,,1650,1cd76ca0-9ddb-4204-a783-bd245a6cc604__C1__avg__c_001200_001950,unsatisfied->satisfied,2,,,1350,,,,,,1cd76ca0-9ddb-4204-a783-bd245a6cc604
CAMERA_UNCERTAIN,camera,,CAMERA_UNCERTAIN,,1950,1200,C1,The camera is uncertain.,,1800,1cd76ca0-9ddb-4204-a783-bd245a6cc604__C1__avg__c_001200_001950,unsatisfied->satisfied,2,,,1650,,,,,,1cd76ca0-9ddb-4204-a783-bd245a6cc604
,left,,,no,600,0,C2,The grasper keeps the gallbladder neck retracted upward.,upward,600,1cd76ca0-9ddb-4204-a783-bd245a6cc604__C2__avg__c_000000_000600,unsatisfied->satisfied,2,KEEP_RETRACT_UPWARD,upward,0,,,,,,1cd76ca0-9ddb-4204-a783-bd245a6cc604
DISSECT,right,,,,600,0,C2,"The maryland dissects around the hepatocystic triangle, between presumed cystic duct and presumed cystic artery.",,150,1cd76ca0-9ddb-4204-a783-bd245a6cc604__C2__avg__c_000000_000600,unsatisfied->satisfied,1,,,0,between presumed cystic duct and presumed cystic artery,(not set),HepatocysticTriangle,Maryland,"[""Maryland"", ""DISSECT"", ""HepatocysticTriangle""]",1cd76ca0-9ddb-4204-a783-bd245a6cc604
CLIP,right,,,,600,0,C2,The clipper clips the hepatocystic triangle.,,600,1cd76ca0-9ddb-4204-a783-bd245a6cc604__C2__avg__c_000000_000600,unsatisfied->satisfied,1,,,570,(not set),(not set),HepatocysticTriangle,clipper,"[""clipper"", ""CLIP"", ""HepatocysticTriangle""]",1cd76ca0-9ddb-4204-a783-bd245a6cc604
CAMERA_REPOSITION,camera,,CAMERA_REPOSITION,,600,0,C2,The camera repositions.,,150,1cd76ca0-9ddb-4204-a783-bd245a6cc604__C2__avg__c_000000_000600,unsatisfied->satisfied,3,,,0,,,,,,1cd76ca0-9ddb-4204-a783-bd245a6cc604
CAMERA_REPOSITION,camera,,CAMERA_REPOSITION,,600,0,C2,The camera repositions.,,300,1cd76ca0-9ddb-4204-a783-bd245a6cc604__C2__avg__c_000000_000600,unsatisfied->satisfied,3,,,150,,,,,,1cd76ca0-9ddb-4204-a783-bd245a6cc604
CAMERA_ZOOM_OUT,camera,,CAMERA_ZOOM_OUT,,600,0,C2,The camera zooms out.,,600,1cd76ca0-9ddb-4204-a783-bd245a6cc604__C2__avg__c_000000_000600,unsatisfied->satisfied,3,,,450,,,,,,1cd76ca0-9ddb-4204-a783-bd245a6cc604
,left,,,yes,1950,1200,C2,The grasper retracts the gallbladder neck from upward to lateral.,lateral,1530,1cd76ca0-9ddb-4204-a783-bd245a6cc604__C2__avg__c_001200_001950,unsatisfied->satisfied,1,RETRACT_UPWARD_TO_LATERAL,upward,1410,,,,,,1cd76ca0-9ddb-4204-a783-bd245a6cc604
CLIP,right,,,,1950,1200,C2,The clipper clips the cystic duct.,,1440,1cd76ca0-9ddb-4204-a783-bd245a6cc604__C2__avg__c_001200_001950,unsatisfied->satisfied,3,,,1200,(not set),(not set),CysticDuct,clipper,"[""clipper"", ""CLIP"", ""CysticDuct""]",1cd76ca0-9ddb-4204-a783-bd245a6cc604
CAMERA_UNCERTAIN,camera,,CAMERA_UNCERTAIN,,1950,1200,C2,The camera is uncertain.,,1350,1cd76ca0-9ddb-4204-a783-bd245a6cc604__C2__avg__c_001200_001950,unsatisfied->satisfied,2,,,1200,,,,,,1cd76ca0-9ddb-4204-a783-bd245a6cc604
CAMERA_UNCERTAIN,camera,,CAMERA_UNCERTAIN,,1950,1200,C2,The camera is uncertain.,,1650,1cd76ca0-9ddb-4204-a783-bd245a6cc604__C2__avg__c_001200_001950,unsatisfied->satisfied,2,,,1350,,,,,,1cd76ca0-9ddb-4204-a783-bd245a6cc604
,left,,,no,450,0,C2,The grasper keeps the gallbladder neck retracted lateral.,lateral,450,1ecfaf41-7ed8-4d2b-80f3-b370ea1ff55a__C2__avg__c_000000_000450,unsatisfied->satisfied,2,KEEP_RETRACT_LATERAL,lateral,0,,,,,,1ecfaf41-7ed8-4d2b-80f3-b370ea1ff55a
DISSECT,right,,,,450,0,C2,The maryland dissects around the cystic artery.,,30,1ecfaf41-7ed8-4d2b-80f3-b370ea1ff55a__C2__avg__c_000000_000450,unsatisfied->satisfied,1,,,0,(not set),(not set),CysticArtery,Maryland,"[""Maryland"", ""DISSECT"", ""CysticArtery""]",1ecfaf41-7ed8-4d2b-80f3-b370ea1ff55a
IRRIGATOR_ASPIRATE,right,,,,450,0,C2,"The irrigator irrigator aspirate the hepatocystic triangle, between presumed cystic duct and presumed cystic artery.",,300,1ecfaf41-7ed8-4d2b-80f3-b370ea1ff55a__C2__avg__c_000000_000450,unsatisfied->satisfied,1,,,240,between presumed cystic duct and presumed cystic artery,(not set),HepatocysticTriangle,Irrigator,"[""Irrigator"", ""IRRIGATOR_ASPIRATE"", ""HepatocysticTriangle""]",1ecfaf41-7ed8-4d2b-80f3-b370ea1ff55a
,left,,,no,1050,750,C2,The grasper keeps the gallbladder neck retracted lateral.,lateral,1050,1ecfaf41-7ed8-4d2b-80f3-b370ea1ff55a__C2__avg__c_000750_001050,unsatisfied->satisfied,2,KEEP_RETRACT_LATERAL,lateral,750,,,,,,1ecfaf41-7ed8-4d2b-80f3-b370ea1ff55a
CAMERA_REPOSITION,camera,,CAMERA_REPOSITION,,1050,750,C2,The camera repositions.,,900,1ecfaf41-7ed8-4d2b-80f3-b370ea1ff55a__C2__avg__c_000750_001050,unsatisfied->satisfied,1,,,750,,,,,,1ecfaf41-7ed8-4d2b-80f3-b370ea1ff55a
,left,,,yes,900,450,C2,The grasper retracts the gallbladder neck from not retracted to medial.,medial,690,1ff8fc19-8a7f-42e1-b8a4-30a25194c981__C2__avg__c_000450_000900,unsatisfied->satisfied,2,RETRACT_MEDIAL,not_retracted,600,,,,,,1ff8fc19-8a7f-42e1-b8a4-30a25194c981
DISSECT,right,,,,900,450,C2,"The maryland dissects around the cystic duct, between presumed cystic duct and presumed cystic artery.",,900,1ff8fc19-8a7f-42e1-b8a4-30a25194c981__C2__avg__c_000450_000900,unsatisfied->satisfied,1,,,690,between presumed cystic duct and presumed cystic artery,(not set),CysticDuct,Maryland,"[""Maryland"", ""DISSECT"", ""CysticDuct""]",1ff8fc19-8a7f-42e1-b8a4-30a25194c981
CAMERA_ZOOM_IN,camera,,CAMERA_ZOOM_IN,,900,450,C2,The camera zooms in.,,750,1ff8fc19-8a7f-42e1-b8a4-30a25194c981__C2__avg__c_000450_000900,unsatisfied->satisfied,3,,,600,,,,,,1ff8fc19-8a7f-42e1-b8a4-30a25194c981
,left,,,no,1650,1200,C2,The grasper keeps the gallbladder neck retracted lateral.,lateral,1650,1ff8fc19-8a7f-42e1-b8a4-30a25194c981__C2__avg__c_001200_001650,unsatisfied->satisfied,3,KEEP_RETRACT_LATERAL,lateral,1200,,,,,,1ff8fc19-8a7f-42e1-b8a4-30a25194c981
DISSECT,right,,,,1650,1200,C2,"The maryland dissects around the hepatocystic triangle, near the cystic duct, and between presumed cystic duct and presumed cystic artery.",,1650,1ff8fc19-8a7f-42e1-b8a4-30a25194c981__C2__avg__c_001200_001650,unsatisfied->satisfied,1,,,1200,near the cystic duct,between presumed cystic duct and presumed cystic artery,HepatocysticTriangle,Maryland,"[""Maryland"", ""DISSECT"", ""HepatocysticTriangle""]",1ff8fc19-8a7f-42e1-b8a4-30a25194c981
CAMERA_REPOSITION,camera,,CAMERA_REPOSITION,,1650,1200,C2,The camera repositions.,,1500,1ff8fc19-8a7f-42e1-b8a4-30a25194c981__C2__avg__c_001200_001650,unsatisfied->satisfied,2,,,1200,,,,,,1ff8fc19-8a7f-42e1-b8a4-30a25194c981
,left,,,yes,2400,2250,C2,The grasper retracts the gallbladder neck from not retracted to lateral.,lateral,2400,1ff8fc19-8a7f-42e1-b8a4-30a25194c981__C2__avg__c_002250_002400,unsatisfied->satisfied,2,RETRACT_LATERAL,not_retracted,2250,,,,,,1ff8fc19-8a7f-42e1-b8a4-30a25194c981
CLIP,right,,,,2400,2250,C2,The clipper clips the cystic duct.,,2400,1ff8fc19-8a7f-42e1-b8a4-30a25194c981__C2__avg__c_002250_002400,unsatisfied->satisfied,3,,,2250,(not set),(not set),CysticDuct,clipper,"[""clipper"", ""CLIP"", ""CysticDuct""]",1ff8fc19-8a7f-42e1-b8a4-30a25194c981
CAMERA_ZOOM_IN,camera,,CAMERA_ZOOM_IN,,2400,2250,C2,The camera zooms in.,,2400,1ff8fc19-8a7f-42e1-b8a4-30a25194c981__C2__avg__c_002250_002400,unsatisfied->satisfied,1,,,2250,,,,,,1ff8fc19-8a7f-42e1-b8a4-30a25194c981
,left,,,yes,900,450,C3,The grasper retracts the gallbladder neck from not retracted to medial.,medial,690,1ff8fc19-8a7f-42e1-b8a4-30a25194c981__C3__avg__c_000450_000900,unsatisfied->satisfied,2,RETRACT_MEDIAL,not_retracted,600,,,,,,1ff8fc19-8a7f-42e1-b8a4-30a25194c981
DISSECT,right,,,,900,450,C3,"The maryland dissects around the cystic duct, between presumed cystic duct and presumed cystic artery.",,900,1ff8fc19-8a7f-42e1-b8a4-30a25194c981__C3__avg__c_000450_000900,unsatisfied->satisfied,1,,,690,between presumed cystic duct and presumed cystic artery,(not set),CysticDuct,Maryland,"[""Maryland"", ""DISSECT"", ""CysticDuct""]",1ff8fc19-8a7f-42e1-b8a4-30a25194c981
CAMERA_ZOOM_IN,camera,,CAMERA_ZOOM_IN,,900,450,C3,The camera zooms in.,,750,1ff8fc19-8a7f-42e1-b8a4-30a25194c981__C3__avg__c_000450_000900,unsatisfied->satisfied,3,,,600,,,,,,1ff8fc19-8a7f-42e1-b8a4-30a25194c981
,left,,,no,1650,1200,C3,The grasper keeps the gallbladder neck retracted lateral.,lateral,1650,1ff8fc19-8a7f-42e1-b8a4-30a25194c981__C3__avg__c_001200_001650,unsatisfied->satisfied,3,KEEP_RETRACT_LATERAL,lateral,1200,,,,,,1ff8fc19-8a7f-42e1-b8a4-30a25194c981
DISSECT,right,,,,1650,1200,C3,"The maryland dissects around the hepatocystic triangle, between presumed cystic duct and presumed cystic artery.",,1650,1ff8fc19-8a7f-42e1-b8a4-30a25194c981__C3__avg__c_001200_001650,unsatisfied->satisfied,1,,,1200,between presumed cystic duct and presumed cystic artery,(not set),HepatocysticTriangle,Maryland,"[""Maryland"", ""DISSECT"", ""HepatocysticTriangle""]",1ff8fc19-8a7f-42e1-b8a4-30a25194c981
CAMERA_REPOSITION,camera,,CAMERA_REPOSITION,,1650,1200,C3,The camera repositions.,,1500,1ff8fc19-8a7f-42e1-b8a4-30a25194c981__C3__avg__c_001200_001650,unsatisfied->satisfied,2,,,1200,,,,,,1ff8fc19-8a7f-42e1-b8a4-30a25194c981
,left,,,no,2250,1650,C1,The grasper keeps the gallbladder neck retracted lateral.,lateral,2250,2105qd2c-diku-c2ql-nmzq-zdf8rj7j2ule__C1__avg__c_001650_002250,unsatisfied->satisfied,2,KEEP_RETRACT_LATERAL,lateral,1650,,,,,,2105qd2c-diku-c2ql-nmzq-zdf8rj7j2ule
DISSECT,right,,,,2250,1650,C1,"The scissors dissects around the hepatocystic triangle, between cystic artery and cystic plate.",,1950,2105qd2c-diku-c2ql-nmzq-zdf8rj7j2ule__C1__avg__c_001650_002250,unsatisfied->satisfied,1,,,1650,between cystic artery and cystic plate,(not set),HepatocysticTriangle,Scissors,"[""Scissors"", ""DISSECT"", ""HepatocysticTriangle""]",2105qd2c-diku-c2ql-nmzq-zdf8rj7j2ule
DISSECT,right,,,,2250,1650,C1,"The scissors dissects around the hepatocystic triangle, between presumed cystic duct and presumed cystic artery.",,2250,2105qd2c-diku-c2ql-nmzq-zdf8rj7j2ule__C1__avg__c_001650_002250,unsatisfied->satisfied,1,,,1950,between presumed cystic duct and presumed cystic artery,(not set),HepatocysticTriangle,Scissors,"[""Scissors"", ""DISSECT"", ""HepatocysticTriangle""]",2105qd2c-diku-c2ql-nmzq-zdf8rj7j2ule
,left,,,yes,1800,1350,C1,The grasper retracts the gallbladder neck from not retracted to lateral.,lateral,1800,215b09a5-a33d-45d7-8cb0-a7be8474ff01__C1__avg__c_001350_001800,unsatisfied->satisfied,1,RETRACT_LATERAL,not_retracted,1530,,,,,,215b09a5-a33d-45d7-8cb0-a7be8474ff01
CAMERA_REPOSITION,camera,,CAMERA_REPOSITION,,1800,1350,C1,The camera repositions.,,1650,215b09a5-a33d-45d7-8cb0-a7be8474ff01__C1__avg__c_001350_001800,unsatisfied->satisfied,2,,,1350,,,,,,215b09a5-a33d-45d7-8cb0-a7be8474ff01
,left,,,yes,1800,1200,C2,The grasper retracts the gallbladder neck from not retracted to lateral.,lateral,1800,215b09a5-a33d-45d7-8cb0-a7be8474ff01__C2__avg__c_001200_001800,unsatisfied->satisfied,1,RETRACT_LATERAL,not_retracted,1530,,,,,,215b09a5-a33d-45d7-8cb0-a7be8474ff01
CAMERA_REPOSITION,camera,,CAMERA_REPOSITION,,1800,1200,C2,The camera repositions.,,1650,215b09a5-a33d-45d7-8cb0-a7be8474ff01__C2__avg__c_001200_001800,unsatisfied->satisfied,2,,,1200,,,,,,215b09a5-a33d-45d7-8cb0-a7be8474ff01
,left,,,yes,1800,1350,C3,The grasper retracts the gallbladder neck from not retracted to lateral.,lateral,1800,215b09a5-a33d-45d7-8cb0-a7be8474ff01__C3__avg__c_001350_001800,unsatisfied->satisfied,1,RETRACT_LATERAL,not_retracted,1530,,,,,,215b09a5-a33d-45d7-8cb0-a7be8474ff01
CAMERA_REPOSITION,camera,,CAMERA_REPOSITION,,1800,1350,C3,The camera repositions.,,1650,215b09a5-a33d-45d7-8cb0-a7be8474ff01__C3__avg__c_001350_001800,unsatisfied->satisfied,2,,,1350,,,,,,215b09a5-a33d-45d7-8cb0-a7be8474ff01
,left,,,yes,1500,900,C1,The grasper retracts the gallbladder neck from medial to lateral.,lateral,1140,23643717-6c56-49ef-8761-29b64ca47a6d__C1__avg__c_000900_001500,unsatisfied->satisfied,1,RETRACT_MEDIAL_TO_LATERAL,medial,1110,,,,,,23643717-6c56-49ef-8761-29b64ca47a6d
DISSECT,right,,,,1500,900,C1,The maryland dissects around the hepatocystic triangle.,,1110,23643717-6c56-49ef-8761-29b64ca47a6d__C1__avg__c_000900_001500,unsatisfied->satisfied,2,,,900,(not set),(not set),HepatocysticTriangle,Maryland,"[""Maryland"", ""DISSECT"", ""HepatocysticTriangle""]",23643717-6c56-49ef-8761-29b64ca47a6d
DISSECT,right,,,,1500,900,C1,"The maryland dissects around the cystic duct, between presumed cystic duct and presumed cystic artery.",,1200,23643717-6c56-49ef-8761-29b64ca47a6d__C1__avg__c_000900_001500,unsatisfied->satisfied,2,,,1140,between presumed cystic duct and presumed cystic artery,(not set),CysticDuct,Maryland,"[""Maryland"", ""DISSECT"", ""CysticDuct""]",23643717-6c56-49ef-8761-29b64ca47a6d
DISSECT,right,,,,1500,900,C1,"The maryland dissects around the cystic artery, between cystic artery and cystic plate.",,1500,23643717-6c56-49ef-8761-29b64ca47a6d__C1__avg__c_000900_001500,unsatisfied->satisfied,2,,,1230,between cystic artery and cystic plate,(not set),CysticArtery,Maryland,"[""Maryland"", ""DISSECT"", ""CysticArtery""]",23643717-6c56-49ef-8761-29b64ca47a6d
,left,,,no,2100,1800,C1,The grasper keeps the gallbladder neck retracted lateral.,lateral,2100,23643717-6c56-49ef-8761-29b64ca47a6d__C1__avg__c_001800_002100,unsatisfied->satisfied,3,KEEP_RETRACT_LATERAL,lateral,1800,,,,,,23643717-6c56-49ef-8761-29b64ca47a6d
DISSECT,right,,,,2100,1800,C1,"The maryland dissects around the hepatocystic triangle, between cystic artery and cystic plate.",,2100,23643717-6c56-49ef-8761-29b64ca47a6d__C1__avg__c_001800_002100,unsatisfied->satisfied,1,,,1800,between cystic artery and cystic plate,(not set),HepatocysticTriangle,Maryland,"[""Maryland"", ""DISSECT"", ""HepatocysticTriangle""]",23643717-6c56-49ef-8761-29b64ca47a6d
CAMERA_REPOSITION,camera,,CAMERA_REPOSITION,,2100,1800,C1,The camera repositions.,,2100,23643717-6c56-49ef-8761-29b64ca47a6d__C1__avg__c_001800_002100,unsatisfied->satisfied,2,,,1800,,,,,,23643717-6c56-49ef-8761-29b64ca47a6d
,left,,,no,300,0,C2,The grasper keeps the gallbladder neck retracted lateral.,lateral,300,23643717-6c56-49ef-8761-29b64ca47a6d__C2__avg__c_000000_000300,unsatisfied->satisfied,2,KEEP_RETRACT_LATERAL,lateral,0,,,,,,23643717-6c56-49ef-8761-29b64ca47a6d
DISSECT,right,,,,300,0,C2,"The maryland dissects around the hepatocystic triangle, near the cystic duct, and near the base of the hepatocystic triangle.",,300,23643717-6c56-49ef-8761-29b64ca47a6d__C2__avg__c_000000_000300,unsatisfied->satisfied,1,,,0,near the cystic duct,near the base of the hepatocystic triangle,HepatocysticTriangle,Maryland,"[""Maryland"", ""DISSECT"", ""HepatocysticTriangle""]",23643717-6c56-49ef-8761-29b64ca47a6d
,left,,,yes,1500,900,C2,The grasper retracts the gallbladder neck from medial to lateral.,lateral,1140,23643717-6c56-49ef-8761-29b64ca47a6d__C2__avg__c_000900_001500,unsatisfied->satisfied,2,RETRACT_MEDIAL_TO_LATERAL,medial,1110,,,,,,23643717-6c56-49ef-8761-29b64ca47a6d
DISSECT,right,,,,1500,900,C2,The maryland dissects around the hepatocystic triangle.,,1110,23643717-6c56-49ef-8761-29b64ca47a6d__C2__avg__c_000900_001500,unsatisfied->satisfied,1,,,900,(not set),(not set),HepatocysticTriangle,Maryland,"[""Maryland"", ""DISSECT"", ""HepatocysticTriangle""]",23643717-6c56-49ef-8761-29b64ca47a6d
DISSECT,right,,,,1500,900,C2,"The maryland dissects around the cystic duct, between presumed cystic duct and presumed cystic artery.",,1200,23643717-6c56-49ef-8761-29b64ca47a6d__C2__avg__c_000900_001500,unsatisfied->satisfied,1,,,1140,between presumed cystic duct and presumed cystic artery,(not set),CysticDuct,Maryland,"[""Maryland"", ""DISSECT"", ""CysticDuct""]",23643717-6c56-49ef-8761-29b64ca47a6d
DISSECT,right,,,,1500,900,C2,"The maryland dissects around the cystic artery, between cystic artery and cystic plate.",,1500,23643717-6c56-49ef-8761-29b64ca47a6d__C2__avg__c_000900_001500,unsatisfied->satisfied,1,,,1230,between cystic artery and cystic plate,(not set),CysticArtery,Maryland,"[""Maryland"", ""DISSECT"", ""CysticArtery""]",23643717-6c56-49ef-8761-29b64ca47a6d
,left,,,no,300,0,C3,The grasper keeps the gallbladder neck retracted lateral.,lateral,300,23643717-6c56-49ef-8761-29b64ca47a6d__C3__avg__c_000000_000300,unsatisfied->satisfied,1,KEEP_RETRACT_LATERAL,lateral,0,,,,,,23643717-6c56-49ef-8761-29b64ca47a6d
DISSECT,right,,,,300,0,C3,"The maryland dissects around the hepatocystic triangle, near cystic duct, and near the base of the hepatocystic triangle.",,300,23643717-6c56-49ef-8761-29b64ca47a6d__C3__avg__c_000000_000300,unsatisfied->satisfied,3,,,0,near cystic duct,near the base of the hepatocystic triangle,HepatocysticTriangle,Maryland,"[""Maryland"", ""DISSECT"", ""HepatocysticTriangle""]",23643717-6c56-49ef-8761-29b64ca47a6d
CAMERA_NO_CHANGE,camera,,CAMERA_NO_CHANGE,,300,0,C3,The camera does not change.,,300,23643717-6c56-49ef-8761-29b64ca47a6d__C3__avg__c_000000_000300,unsatisfied->satisfied,2,,,0,,,,,,23643717-6c56-49ef-8761-29b64ca47a6d
,left,,,yes,2250,1500,C1,The grasper retracts the gallbladder neck from upward to lateral.,lateral,1770,23823c8c-b3d2-48db-b1e0-660ac006dd25__C1__avg__c_001500_002250,unsatisfied->satisfied,2,RETRACT_UPWARD_TO_LATERAL,upward,1740,,,,,,23823c8c-b3d2-48db-b1e0-660ac006dd25
sweeping,right,,,,2250,1500,C1,The maryland sweeping the hepatocystic triangle.,,1710,23823c8c-b3d2-48db-b1e0-660ac006dd25__C1__avg__c_001500_002250,unsatisfied->satisfied,1,,,1500,(not set),(not set),HepatocysticTriangle,Maryland,"[""Maryland"", ""sweeping"", ""HepatocysticTriangle""]",23823c8c-b3d2-48db-b1e0-660ac006dd25
CAMERA_ZOOM_OUT,camera,,CAMERA_ZOOM_OUT,,2250,1500,C1,The camera zooms out.,,1800,23823c8c-b3d2-48db-b1e0-660ac006dd25__C1__avg__c_001500_002250,unsatisfied->satisfied,3,,,1770,,,,,,23823c8c-b3d2-48db-b1e0-660ac006dd25
,left,,,no,750,450,C2,The grasper keeps the gallbladder neck retracted lateral.,lateral,750,23823c8c-b3d2-48db-b1e0-660ac006dd25__C2__avg__c_000450_000750,unsatisfied->satisfied,1,KEEP_RETRACT_LATERAL,lateral,450,,,,,,23823c8c-b3d2-48db-b1e0-660ac006dd25
DISSECT,right,,,,750,450,C2,"The maryland dissects around the hepatocystic triangle, between presumed cystic duct and presumed cystic artery.",,510,23823c8c-b3d2-48db-b1e0-660ac006dd25__C2__avg__c_000450_000750,unsatisfied->satisfied,2,,,450,between presumed cystic duct and presumed cystic artery,(not set),HepatocysticTriangle,Maryland,"[""Maryland"", ""DISSECT"", ""HepatocysticTriangle""]",23823c8c-b3d2-48db-b1e0-660ac006dd25
DISSECT,right,,,,750,450,C2,"The maryland dissects around the hepatocystic triangle, between cystic artery and cystic plate.",,600,23823c8c-b3d2-48db-b1e0-660ac006dd25__C2__avg__c_000450_000750,unsatisfied->satisfied,2,,,570,between cystic artery and cystic plate,(not set),HepatocysticTriangle,Maryland,"[""Maryland"", ""DISSECT"", ""HepatocysticTriangle""]",23823c8c-b3d2-48db-b1e0-660ac006dd25
DISSECT,right,,,,750,450,C2,"The maryland dissects around the hepatocystic triangle, between presumed cystic duct and presumed cystic artery.",,750,23823c8c-b3d2-48db-b1e0-660ac006dd25__C2__avg__c_000450_000750,unsatisfied->satisfied,2,,,690,between presumed cystic duct and presumed cystic artery,(not set),HepatocysticTriangle,Maryland,"[""Maryland"", ""DISSECT"", ""HepatocysticTriangle""]",23823c8c-b3d2-48db-b1e0-660ac006dd25
,left,,,no,1350,900,C1,The grasper keeps the gallbladder neck retracted upward.,upward,1350,24ad0a4b-903d-44d3-b74b-c7fb5f906ec0__C1__avg__c_000900_001350,unsatisfied->satisfied,2,KEEP_RETRACT_UPWARD,upward,900,,,,,,24ad0a4b-903d-44d3-b74b-c7fb5f906ec0
DISSECT,right,,,,1350,900,C1,"The maryland dissects around the cystic artery, between presumed cystic duct and presumed cystic artery.",,1350,24ad0a4b-903d-44d3-b74b-c7fb5f906ec0__C1__avg__c_000900_001350,unsatisfied->satisfied,1,,,900,between presumed cystic duct and presumed cystic artery,(not set),CysticArtery,Maryland,"[""Maryland"", ""DISSECT"", ""CysticArtery""]",24ad0a4b-903d-44d3-b74b-c7fb5f906ec0
CAMERA_REPOSITION,camera,,CAMERA_REPOSITION,,2400,1950,C1,The camera repositions.,,2190,24ad0a4b-903d-44d3-b74b-c7fb5f906ec0__C1__avg__c_001950_002400,unsatisfied->satisfied,1,,,2130,,,,,,24ad0a4b-903d-44d3-b74b-c7fb5f906ec0
,left,,,no,1350,900,C1,The grasper keeps the gallbladder neck retracted upward.,upward,1350,271401a1-821f-46ce-9895-41d4da92c568__C1__avg__c_000900_001350,unsatisfied->satisfied,2,KEEP_RETRACT_UPWARD,upward,900,,,,,,271401a1-821f-46ce-9895-41d4da92c568
DISSECT,right,,,,1350,900,C1,"The hook dissects around the cystic duct, on the outside of cystic duct.",,1170,271401a1-821f-46ce-9895-41d4da92c568__C1__avg__c_000900_001350,unsatisfied->satisfied,1,,,900,on the outside of cystic duct,(not set),CysticDuct,Hook,"[""Hook"", ""DISSECT"", ""CysticDuct""]",271401a1-821f-46ce-9895-41d4da92c568
DISSECT,right,,,,1350,900,C1,"The hook dissects around the hepatocystic triangle, between presumed cystic duct and presumed cystic artery.",,1350,271401a1-821f-46ce-9895-41d4da92c568__C1__avg__c_000900_001350,unsatisfied->satisfied,1,,,1170,between presumed cystic duct and presumed cystic artery,(not set),HepatocysticTriangle,Hook,"[""Hook"", ""DISSECT"", ""HepatocysticTriangle""]",271401a1-821f-46ce-9895-41d4da92c568
CAMERA_REPOSITION,camera,,CAMERA_REPOSITION,,1350,900,C1,The camera repositions.,,1230,271401a1-821f-46ce-9895-41d4da92c568__C1__avg__c_000900_001350,unsatisfied->satisfied,3,,,1110,,,,,,271401a1-821f-46ce-9895-41d4da92c568
,left,,,no,1950,1650,C1,The grasper keeps the gallbladder neck retracted lateral.,lateral,1950,271401a1-821f-46ce-9895-41d4da92c568__C1__avg__c_001650_001950,unsatisfied->satisfied,4,KEEP_RETRACT_LATERAL,lateral,1650,,,,,,271401a1-821f-46ce-9895-41d4da92c568
DISSECT,right,,,,1950,1650,C1,"The hook dissects around the hepatocystic triangle, between presumed cystic duct and presumed cystic artery.",,1800,271401a1-821f-46ce-9895-41d4da92c568__C1__avg__c_001650_001950,unsatisfied->satisfied,1,,,1650,between presumed cystic duct and presumed cystic artery,(not set),HepatocysticTriangle,Hook,"[""Hook"", ""DISSECT"", ""HepatocysticTriangle""]",271401a1-821f-46ce-9895-41d4da92c568
TOOL_WITHDRAW_UNBLOCKS_VIEW,right,,,,1950,1650,C1,The hook tool withdraw unblocks view the hepatocystic triangle.,,1950,271401a1-821f-46ce-9895-41d4da92c568__C1__avg__c_001650_001950,unsatisfied->satisfied,3,,,1650,(not set),(not set),HepatocysticTriangle,Hook,"[""Hook"", ""TOOL_WITHDRAW_UNBLOCKS_VIEW"", ""HepatocysticTriangle""]",271401a1-821f-46ce-9895-41d4da92c568
CAMERA_ZOOM_OUT,camera,,CAMERA_ZOOM_OUT,,1950,1650,C1,The camera zooms out.,,1950,271401a1-821f-46ce-9895-41d4da92c568__C1__avg__c_001650_001950,unsatisfied->satisfied,2,,,1800,,,,,,271401a1-821f-46ce-9895-41d4da92c568
,left,,,no,1350,900,C2,The grasper keeps the gallbladder neck retracted lateral.,lateral,1350,271401a1-821f-46ce-9895-41d4da92c568__C2__avg__c_000900_001350,unsatisfied->satisfied,2,KEEP_RETRACT_LATERAL,lateral,900,,,,,,271401a1-821f-46ce-9895-41d4da92c568
DISSECT,right,,,,1350,900,C2,"The hook dissects around the cystic duct, on the outside of cystic duct.",,1170,271401a1-821f-46ce-9895-41d4da92c568__C2__avg__c_000900_001350,unsatisfied->satisfied,1,,,900,on the outside of cystic duct,(not set),CysticDuct,Hook,"[""Hook"", ""DISSECT"", ""CysticDuct""]",271401a1-821f-46ce-9895-41d4da92c568
DISSECT,right,,,,1350,900,C2,"The hook dissects around the hepatocystic triangle, between presumed cystic duct and presumed cystic artery.",,1350,271401a1-821f-46ce-9895-41d4da92c568__C2__avg__c_000900_001350,unsatisfied->satisfied,1,,,1230,between presumed cystic duct and presumed cystic artery,(not set),HepatocysticTriangle,Hook,"[""Hook"", ""DISSECT"", ""HepatocysticTriangle""]",271401a1-821f-46ce-9895-41d4da92c568
CAMERA_REPOSITION,camera,,CAMERA_REPOSITION,,1350,900,C2,The camera repositions.,,1260,271401a1-821f-46ce-9895-41d4da92c568__C2__avg__c_000900_001350,unsatisfied->satisfied,3,,,1110,,,,,,271401a1-821f-46ce-9895-41d4da92c568
,left,,,no,1950,1800,C2,The grasper keeps the gallbladder neck retracted lateral.,lateral,1950,271401a1-821f-46ce-9895-41d4da92c568__C2__avg__c_001800_001950,unsatisfied->satisfied,2,KEEP_RETRACT_LATERAL,lateral,1800,,,,,,271401a1-821f-46ce-9895-41d4da92c568
DISSECT,right,,,,1950,1800,C2,"The hook dissects around the hepatocystic triangle, between presumed cystic duct and presumed cystic artery.",,1800,271401a1-821f-46ce-9895-41d4da92c568__C2__avg__c_001800_001950,unsatisfied->satisfied,1,,,1800,between presumed cystic duct and presumed cystic artery,(not set),HepatocysticTriangle,Hook,"[""Hook"", ""DISSECT"", ""HepatocysticTriangle""]",271401a1-821f-46ce-9895-41d4da92c568
TOOL_WITHDRAW_UNBLOCKS_VIEW,right,,,,1950,1800,C2,The hook tool withdraw unblocks view the hepatocystic triangle.,,1830,271401a1-821f-46ce-9895-41d4da92c568__C2__avg__c_001800_001950,unsatisfied->satisfied,4,,,1800,(not set),(not set),HepatocysticTriangle,Hook,"[""Hook"", ""TOOL_WITHDRAW_UNBLOCKS_VIEW"", ""HepatocysticTriangle""]",271401a1-821f-46ce-9895-41d4da92c568
CAMERA_ZOOM_OUT,camera,,CAMERA_ZOOM_OUT,,1950,1800,C2,The camera zooms out.,,1950,271401a1-821f-46ce-9895-41d4da92c568__C2__avg__c_001800_001950,unsatisfied->satisfied,3,,,1800,,,,,,271401a1-821f-46ce-9895-41d4da92c568
,left,,,yes,750,300,C1,The grasper retracts the gallbladder neck from medial to lateral.,lateral,540,27ea28e2-4ac8-45b4-a62d-3c4f22038188__C1__avg__c_000300_000750,unsatisfied->satisfied,2,RETRACT_MEDIAL_TO_LATERAL,medial,510,,,,,,27ea28e2-4ac8-45b4-a62d-3c4f22038188
DISSECT,right,,,,750,300,C1,"The hook dissects around the hepatocystic triangle, between presumed cystic duct and presumed cystic artery, and near the base of the hepatocystic triangle.",,570,27ea28e2-4ac8-45b4-a62d-3c4f22038188__C1__avg__c_000300_000750,unsatisfied->satisfied,1,,,390,between presumed cystic duct and presumed cystic artery,near the base of the hepatocystic triangle,HepatocysticTriangle,Hook,"[""Hook"", ""DISSECT"", ""HepatocysticTriangle""]",27ea28e2-4ac8-45b4-a62d-3c4f22038188
CAMERA_REPOSITION,camera,,CAMERA_REPOSITION,,750,300,C1,The camera repositions.,,600,27ea28e2-4ac8-45b4-a62d-3c4f22038188__C1__avg__c_000300_000750,unsatisfied->satisfied,3,,,450,,,,,,27ea28e2-4ac8-45b4-a62d-3c4f22038188
CAMERA_ZOOM_OUT,camera,,CAMERA_ZOOM_OUT,,750,300,C1,The camera zooms out.,,750,27ea28e2-4ac8-45b4-a62d-3c4f22038188__C1__avg__c_000300_000750,unsatisfied->satisfied,3,,,600,,,,,,27ea28e2-4ac8-45b4-a62d-3c4f22038188
,left,,,yes,750,0,C2,The grasper retracts the gallbladder neck from lateral to medial.,medial,210,27ea28e2-4ac8-45b4-a62d-3c4f22038188__C2__avg__c_000000_000750,unsatisfied->satisfied,2,RETRACT_LATERAL_TO_MEDIAL,lateral,30,,,,,,27ea28e2-4ac8-45b4-a62d-3c4f22038188
,left,,,yes,750,0,C2,The grasper retracts the gallbladder neck from medial to lateral.,lateral,570,27ea28e2-4ac8-45b4-a62d-3c4f22038188__C2__avg__c_000000_000750,unsatisfied->satisfied,3,RETRACT_MEDIAL_TO_LATERAL,medial,510,,,,,,27ea28e2-4ac8-45b4-a62d-3c4f22038188
DISSECT,right,,,,750,0,C2,"The hook dissects around the hepatocystic triangle, between presumed cystic duct and presumed cystic artery.",,30,27ea28e2-4ac8-45b4-a62d-3c4f22038188__C2__avg__c_000000_000750,unsatisfied->satisfied,1,,,0,between presumed cystic duct and presumed cystic artery,(not set),HepatocysticTriangle,Hook,"[""Hook"", ""DISSECT"", ""HepatocysticTriangle""]",27ea28e2-4ac8-45b4-a62d-3c4f22038188
DISSECT,right,,,,750,0,C2,The hook dissects around the hepatocystic triangle.,,90,27ea28e2-4ac8-45b4-a62d-3c4f22038188__C2__avg__c_000000_000750,unsatisfied->satisfied,1,,,90,(not set),(not set),HepatocysticTriangle,Hook,"[""Hook"", ""DISSECT"", ""HepatocysticTriangle""]",27ea28e2-4ac8-45b4-a62d-3c4f22038188
DISSECT,right,,,,750,0,C2,The hook dissects around the hepatocystic triangle.,,570,27ea28e2-4ac8-45b4-a62d-3c4f22038188__C2__avg__c_000000_000750,unsatisfied->satisfied,1,,,240,(not set),(not set),HepatocysticTriangle,Hook,"[""Hook"", ""DISSECT"", ""HepatocysticTriangle""]",27ea28e2-4ac8-45b4-a62d-3c4f22038188
CAMERA_ZOOM_OUT,camera,,CAMERA_ZOOM_OUT,,750,0,C2,The camera zooms out.,,750,27ea28e2-4ac8-45b4-a62d-3c4f22038188__C2__avg__c_000000_000750,unsatisfied->satisfied,4,,,600,,,,,,27ea28e2-4ac8-45b4-a62d-3c4f22038188
,left,,,yes,2100,1800,C2,The grasper retracts the gallbladder neck from not retracted to lateral.,lateral,2100,27ea28e2-4ac8-45b4-a62d-3c4f22038188__C2__avg__c_001800_002100,unsatisfied->satisfied,1,RETRACT_LATERAL,not_retracted,1800,,,,,,27ea28e2-4ac8-45b4-a62d-3c4f22038188
,left,,,yes,450,0,C3,The grasper retracts the gallbladder neck from lateral to medial.,medial,270,27ea28e2-4ac8-45b4-a62d-3c4f22038188__C3__avg__c_000000_000450,unsatisfied->satisfied,2,RETRACT_LATERAL_TO_MEDIAL,lateral,30,,,,,,27ea28e2-4ac8-45b4-a62d-3c4f22038188
DISSECT,right,,,,450,0,C3,"The hook dissects around the hepatocystic triangle, between presumed cystic duct and presumed cystic artery.",,30,27ea28e2-4ac8-45b4-a62d-3c4f22038188__C3__avg__c_000000_000450,unsatisfied->satisfied,1,,,0,between presumed cystic duct and presumed cystic artery,(not set),HepatocysticTriangle,Hook,"[""Hook"", ""DISSECT"", ""HepatocysticTriangle""]",27ea28e2-4ac8-45b4-a62d-3c4f22038188
DISSECT,right,,,,450,0,C3,The hook dissects around the hepatocystic triangle.,,90,27ea28e2-4ac8-45b4-a62d-3c4f22038188__C3__avg__c_000000_000450,unsatisfied->satisfied,1,,,90,(not set),(not set),HepatocysticTriangle,Hook,"[""Hook"", ""DISSECT"", ""HepatocysticTriangle""]",27ea28e2-4ac8-45b4-a62d-3c4f22038188
DISSECT,right,,,,450,0,C3,The hook dissects around the hepatocystic triangle.,,450,27ea28e2-4ac8-45b4-a62d-3c4f22038188__C3__avg__c_000000_000450,unsatisfied->satisfied,1,,,240,(not set),(not set),HepatocysticTriangle,Hook,"[""Hook"", ""DISSECT"", ""HepatocysticTriangle""]",27ea28e2-4ac8-45b4-a62d-3c4f22038188
,left,,,yes,900,450,C1,The grasper retracts the gallbladder neck from upward to lateral.,lateral,720,280aaeb3-c03c-4fe5-92ba-1e68ac5c2a45__C1__avg__c_000450_000900,unsatisfied->satisfied,2,RETRACT_UPWARD_TO_LATERAL,upward,660,,,,,,280aaeb3-c03c-4fe5-92ba-1e68ac5c2a45
DISSECT,right,,,,900,450,C1,The hook dissects around the hepatocystic triangle.,,660,280aaeb3-c03c-4fe5-92ba-1e68ac5c2a45__C1__avg__c_000450_000900,unsatisfied->satisfied,1,,,450,(not set),(not set),HepatocysticTriangle,Hook,"[""Hook"", ""DISSECT"", ""HepatocysticTriangle""]",280aaeb3-c03c-4fe5-92ba-1e68ac5c2a45
DISSECT,right,,,,900,450,C1,"The hook dissects around the cystic duct, between presumed cystic duct and presumed cystic artery.",,900,280aaeb3-c03c-4fe5-92ba-1e68ac5c2a45__C1__avg__c_000450_000900,unsatisfied->satisfied,1,,,720,between presumed cystic duct and presumed cystic artery,(not set),CysticDuct,Hook,"[""Hook"", ""DISSECT"", ""CysticDuct""]",280aaeb3-c03c-4fe5-92ba-1e68ac5c2a45
,left,,,yes,900,450,C2,The grasper retracts the gallbladder neck from upward to lateral.,lateral,720,280aaeb3-c03c-4fe5-92ba-1e68ac5c2a45__C2__avg__c_000450_000900,unsatisfied->satisfied,2,RETRACT_UPWARD_TO_LATERAL,upward,660,,,,,,280aaeb3-c03c-4fe5-92ba-1e68ac5c2a45
DISSECT,right,,,,900,450,C2,"The hook dissects around the hepatocystic triangle, between presumed cystic duct and presumed cystic artery.",,660,280aaeb3-c03c-4fe5-92ba-1e68ac5c2a45__C2__avg__c_000450_000900,unsatisfied->satisfied,1,,,450,between presumed cystic duct and presumed cystic artery,(not set),HepatocysticTriangle,Hook,"[""Hook"", ""DISSECT"", ""HepatocysticTriangle""]",280aaeb3-c03c-4fe5-92ba-1e68ac5c2a45
DISSECT,right,,,,900,450,C2,"The hook dissects around the cystic duct, between presumed cystic duct and presumed cystic artery.",,900,280aaeb3-c03c-4fe5-92ba-1e68ac5c2a45__C2__avg__c_000450_000900,unsatisfied->satisfied,1,,,720,between presumed cystic duct and presumed cystic artery,(not set),CysticDuct,Hook,"[""Hook"", ""DISSECT"", ""CysticDuct""]",280aaeb3-c03c-4fe5-92ba-1e68ac5c2a45
