clip_id,video_name,criterion,granularity,start,mid,end,coarse_clip_id,stratum,country,country_collapsed,ioc,icg,robotic,device,weight
35ebdf31-e51a-41cb-b455-3afe865d89f1__C3__avg__c_000000_000450,35ebdf31-e51a-41cb-b455-3afe865d89f1,C3,coarse,0,300.0,450,,"(0,0,1)",22,other,0,0,1,4,3.0
35ebdf31-e51a-41cb-b455-3afe865d89f1__C3__avg__f_000150_000300,35ebdf31-e51a-41cb-b455-3afe865d89f1,C3,fine,150,,300,35ebdf31-e51a-41cb-b455-3afe865d89f1__C3__avg__c_000000_000450,"(0,0,1)",22,other,0,0,1,4,3.0
35ebdf31-e51a-41cb-b455-3afe865d89f1__C3__avg__c_000900_001350,35ebdf31-e51a-41cb-b455-3afe865d89f1,C3,coarse,900,1200.0,1350,,"(0,0,1)",22,other,0,0,1,4,3.0
35ebdf31-e51a-41cb-b455-3afe865d89f1__C3__avg__f_001050_001200,35ebdf31-e51a-41cb-b455-3afe865d89f1,C3,fine,1050,,1200,35ebdf31-e51a-41cb-b455-3afe865d89f1__C3__avg__c_000900_001350,"(0,0,1)",22,other,0,0,1,4,3.0
35ebdf31-e51a-41cb-b455-3afe865d89f1__C3__avg__f_001650_001800,35ebdf31-e51a-41cb-b455-3afe865d89f1,C3,fine,1650,,1800,35ebdf31-e51a-41cb-b455-3afe865d89f1__C3__avg__c_001650_001950,"(0,0,1)",22,other,0,0,1,4,3.0
35ebdf31-e51a-41cb-b455-3afe865d89f1__C3__avg__c_001650_001950,35ebdf31-e51a-41cb-b455-3afe865d89f1,C3,coarse,1650,1800.0,1950,,"(0,0,1)",22,other,0,0,1,4,3.0
37419fbb-308e-4362-bcb4-e19b431179b2__C1__avg__c_000000_000300,37419fbb-308e-4362-bcb4-e19b431179b2,C1,coarse,0,150.0,300,,"(1,1,1)",22,other,0,0,0,-1,14.0
37419fbb-308e-4362-bcb4-e19b431179b2__C2__avg__c_000000_000450,37419fbb-308e-4362-bcb4-e19b431179b2,C2,coarse,0,300.0,450,,"(1,1,1)",22,other,0,0,0,-1,14.0
37419fbb-308e-4362-bcb4-e19b431179b2__C1__avg__f_000150_000300,37419fbb-308e-4362-bcb4-e19b431179b2,C1,fine,150,,300,37419fbb-308e-4362-bcb4-e19b431179b2__C1__avg__c_000000_000300,"(1,1,1)",22,other,0,0,0,-1,14.0
37419fbb-308e-4362-bcb4-e19b431179b2__C2__avg__f_000150_000300,37419fbb-308e-4362-bcb4-e19b431179b2,C2,fine,150,,300,37419fbb-308e-4362-bcb4-e19b431179b2__C2__avg__c_000000_000450,"(1,1,1)",22,other,0,0,0,-1,14.0
37419fbb-308e-4362-bcb4-e19b431179b2__C1__avg__f_000600_000750,37419fbb-308e-4362-bcb4-e19b431179b2,C1,fine,600,,750,37419fbb-308e-4362-bcb4-e19b431179b2__C1__avg__c_000600_000900,"(1,1,1)",22,other,0,0,0,-1,14.0
37419fbb-308e-4362-bcb4-e19b431179b2__C1__avg__c_000600_000900,37419fbb-308e-4362-bcb4-e19b431179b2,C1,coarse,600,750.0,900,,"(1,1,1)",22,other,0,0,0,-1,14.0
37419fbb-308e-4362-bcb4-e19b431179b2__C2__avg__c_000750_000900,37419fbb-308e-4362-bcb4-e19b431179b2,C2,coarse,750,900.0,900,,"(1,1,1)",22,other,0,0,0,-1,14.0
37419fbb-308e-4362-bcb4-e19b431179b2__C2__avg__f_000750_000900,37419fbb-308e-4362-bcb4-e19b431179b2,C2,fine,750,,900,37419fbb-308e-4362-bcb4-e19b431179b2__C2__avg__c_000750_000900,"(1,1,1)",22,other,0,0,0,-1,14.0
37419fbb-308e-4362-bcb4-e19b431179b2__C3__avg__c_002100_002400,37419fbb-308e-4362-bcb4-e19b431179b2,C3,coarse,2100,2250.0,2400,,"(1,1,1)",22,other,0,0,0,-1,14.0
37419fbb-308e-4362-bcb4-e19b431179b2__C3__avg__f_002250_002400,37419fbb-308e-4362-bcb4-e19b431179b2,C3,fine,2250,,2400,37419fbb-308e-4362-bcb4-e19b431179b2__C3__avg__c_002100_002400,"(1,1,1)",22,other,0,0,0,-1,14.0
52fa51d6-7b5e-44bf-a10c-39bf2022068f__C2__avg__c_001950_002400,52fa51d6-7b5e-44bf-a10c-39bf2022068f,C2,coarse,1950,2250.0,2400,,"(0,1,0)",21,other,0,0,0,2,4.0
52fa51d6-7b5e-44bf-a10c-39bf2022068f__C2__avg__f_002100_002250,52fa51d6-7b5e-44bf-a10c-39bf2022068f,C2,fine,2100,,2250,52fa51d6-7b5e-44bf-a10c-39bf2022068f__C2__avg__c_001950_002400,"(0,1,0)",21,other,0,0,0,2,4.0
5eb56c91-26a5-40fc-995d-2694c09b8643__C2__avg__c_001200_001650,5eb56c91-26a5-40fc-995d-2694c09b8643,C2,coarse,1200,1500.0,1650,,"(0,1,0)",21,other,0,0,0,2,4.0
5eb56c91-26a5-40fc-995d-2694c09b8643__C2__avg__f_001350_001500,5eb56c91-26a5-40fc-995d-2694c09b8643,C2,fine,1350,,1500,5eb56c91-26a5-40fc-995d-2694c09b8643__C2__avg__c_001200_001650,"(0,1,0)",21,other,0,0,0,2,4.0
5eb56c91-26a5-40fc-995d-2694c09b8643__C2__avg__c_002100_002250,5eb56c91-26a5-40fc-995d-2694c09b8643,C2,coarse,2100,2250.0,2250,,"(0,1,0)",21,other,0,0,0,2,4.0
5eb56c91-26a5-40fc-995d-2694c09b8643__C2__avg__f_002100_002250,5eb56c91-26a5-40fc-995d-2694c09b8643,C2,fine,2100,,2250,5eb56c91-26a5-40fc-995d-2694c09b8643__C2__avg__c_002100_002250,"(0,1,0)",21,other,0,0,0,2,4.0
65f40922-5a16-4929-af41-f9cadd75d5fb__C2__avg__c_000900_001500,65f40922-5a16-4929-af41-f9cadd75d5fb,C2,coarse,900,1200.0,1500,,"(1,1,0)",3,other,0,0,0,0,5.333333333333333
65f40922-5a16-4929-af41-f9cadd75d5fb__C2__avg__f_001050_001200,65f40922-5a16-4929-af41-f9cadd75d5fb,C2,fine,1050,,1200,65f40922-5a16-4929-af41-f9cadd75d5fb__C2__avg__c_000900_001500,"(1,1,0)",3,other,0,0,0,0,5.333333333333333
65f40922-5a16-4929-af41-f9cadd75d5fb__C1__avg__f_001950_002100,65f40922-5a16-4929-af41-f9cadd75d5fb,C1,fine,1950,,2100,65f40922-5a16-4929-af41-f9cadd75d5fb__C1__avg__c_001950_002400,"(1,1,0)",3,other,0,0,0,0,5.333333333333333
65f40922-5a16-4929-af41-f9cadd75d5fb__C1__avg__c_001950_002400,65f40922-5a16-4929-af41-f9cadd75d5fb,C1,coarse,1950,2250.0,2400,,"(1,1,0)",3,other,0,0,0,0,5.333333333333333
65f40922-5a16-4929-af41-f9cadd75d5fb__C2__avg__c_001950_002400,65f40922-5a16-4929-af41-f9cadd75d5fb,C2,coarse,1950,2250.0,2400,,"(1,1,0)",3,other,0,0,0,0,5.333333333333333
65f40922-5a16-4929-af41-f9cadd75d5fb__C2__avg__f_002100_002250,65f40922-5a16-4929-af41-f9cadd75d5fb,C2,fine,2100,,2250,65f40922-5a16-4929-af41-f9cadd75d5fb__C2__avg__c_001950_002400,"(1,1,0)",3,other,0,0,0,0,5.333333333333333
660a6a01-b2ad-40e1-a709-79c57b1c8fa7__C3__avg__c_001200_001500,660a6a01-b2ad-40e1-a709-79c57b1c8fa7,C3,coarse,1200,1350.0,1500,,"(1,0,1)",0,0,0,0,0,-1,1.0
660a6a01-b2ad-40e1-a709-79c57b1c8fa7__C3__avg__f_001350_001500,660a6a01-b2ad-40e1-a709-79c57b1c8fa7,C3,fine,1350,,1500,660a6a01-b2ad-40e1-a709-79c57b1c8fa7__C3__avg__c_001200_001500,"(1,0,1)",0,0,0,0,0,-1,1.0
660a6a01-b2ad-40e1-a709-79c57b1c8fa7__C3__avg__c_001800_002100,660a6a01-b2ad-40e1-a709-79c57b1c8fa7,C3,coarse,1800,1950.0,2100,,"(1,0,1)",0,0,0,0,0,-1,1.0
660a6a01-b2ad-40e1-a709-79c57b1c8fa7__C1__avg__c_001800_002250,660a6a01-b2ad-40e1-a709-79c57b1c8fa7,C1,coarse,1800,2100.0,2250,,"(1,0,1)",0,0,0,0,0,-1,1.0
660a6a01-b2ad-40e1-a709-79c57b1c8fa7__C3__avg__f_001950_002100,660a6a01-b2ad-40e1-a709-79c57b1c8fa7,C3,fine,1950,,2100,660a6a01-b2ad-40e1-a709-79c57b1c8fa7__C3__avg__c_001800_002100,"(1,0,1)",0,0,0,0,0,-1,1.0
660a6a01-b2ad-40e1-a709-79c57b1c8fa7__C1__avg__f_002100_002250,660a6a01-b2ad-40e1-a709-79c57b1c8fa7,C1,fine,2100,,2250,660a6a01-b2ad-40e1-a709-79c57b1c8fa7__C1__avg__c_001800_002250,"(1,0,1)",0,0,0,0,0,-1,1.0
77ff5131-4a49-4b71-95a6-d8ce57186696__C2__avg__c_000900_001350,77ff5131-4a49-4b71-95a6-d8ce57186696,C2,coarse,900,1200.0,1350,,"(0,1,1)",6,6,0,0,0,4,4.0
77ff5131-4a49-4b71-95a6-d8ce57186696__C2__avg__f_001050_001200,77ff5131-4a49-4b71-95a6-d8ce57186696,C2,fine,1050,,1200,77ff5131-4a49-4b71-95a6-d8ce57186696__C2__avg__c_000900_001350,"(0,1,1)",6,6,0,0,0,4,4.0
77ff5131-4a49-4b71-95a6-d8ce57186696__C3__avg__c_001200_001650,77ff5131-4a49-4b71-95a6-d8ce57186696,C3,coarse,1200,1500.0,1650,,"(0,1,1)",6,6,0,0,0,4,4.0
77ff5131-4a49-4b71-95a6-d8ce57186696__C3__avg__f_001350_001500,77ff5131-4a49-4b71-95a6-d8ce57186696,C3,fine,1350,,1500,77ff5131-4a49-4b71-95a6-d8ce57186696__C3__avg__c_001200_001650,"(0,1,1)",6,6,0,0,0,4,4.0
8504ff91-785b-4f35-9998-4edd607d48e3__C1__avg__c_000150_000450,8504ff91-785b-4f35-9998-4edd607d48e3,C1,coarse,150,300.0,450,,"(1,0,0)",2,other,0,1,0,2,4.0
8504ff91-785b-4f35-9998-4edd607d48e3__C1__avg__f_000300_000450,8504ff91-785b-4f35-9998-4edd607d48e3,C1,fine,300,,450,8504ff91-785b-4f35-9998-4edd607d48e3__C1__avg__c_000150_000450,"(1,0,0)",2,other,0,1,0,2,4.0
850e2e68-46a9-4b66-b6f7-3c6de72af7e6__C1__avg__c_001050_001500,850e2e68-46a9-4b66-b6f7-3c6de72af7e6,C1,coarse,1050,1350.0,1500,,"(1,1,1)",0,0,0,0,0,-1,2.0
850e2e68-46a9-4b66-b6f7-3c6de72af7e6__C2__avg__c_001050_001500,850e2e68-46a9-4b66-b6f7-3c6de72af7e6,C2,coarse,1050,1350.0,1500,,"(1,1,1)",0,0,0,0,0,-1,2.0
850e2e68-46a9-4b66-b6f7-3c6de72af7e6__C3__avg__c_001050_001500,850e2e68-46a9-4b66-b6f7-3c6de72af7e6,C3,coarse,1050,1350.0,1500,,"(1,1,1)",0,0,0,0,0,-1,2.0
850e2e68-46a9-4b66-b6f7-3c6de72af7e6__C1__avg__f_001200_001350,850e2e68-46a9-4b66-b6f7-3c6de72af7e6,C1,fine,1200,,1350,850e2e68-46a9-4b66-b6f7-3c6de72af7e6__C1__avg__c_001050_001500,"(1,1,1)",0,0,0,0,0,-1,2.0
850e2e68-46a9-4b66-b6f7-3c6de72af7e6__C2__avg__f_001200_001350,850e2e68-46a9-4b66-b6f7-3c6de72af7e6,C2,fine,1200,,1350,850e2e68-46a9-4b66-b6f7-3c6de72af7e6__C2__avg__c_001050_001500,"(1,1,1)",0,0,0,0,0,-1,2.0
850e2e68-46a9-4b66-b6f7-3c6de72af7e6__C3__avg__f_001200_001350,850e2e68-46a9-4b66-b6f7-3c6de72af7e6,C3,fine,1200,,1350,850e2e68-46a9-4b66-b6f7-3c6de72af7e6__C3__avg__c_001050_001500,"(1,1,1)",0,0,0,0,0,-1,2.0
898c9065-6499-40fa-9142-152ebd5d7227__C2__avg__c_000600_001050,898c9065-6499-40fa-9142-152ebd5d7227,C2,coarse,600,900.0,1050,,"(0,1,0)",5,other,1,0,0,1,4.0
898c9065-6499-40fa-9142-152ebd5d7227__C2__avg__f_000750_000900,898c9065-6499-40fa-9142-152ebd5d7227,C2,fine,750,,900,898c9065-6499-40fa-9142-152ebd5d7227__C2__avg__c_000600_001050,"(0,1,0)",5,other,1,0,0,1,4.0
898c9065-6499-40fa-9142-152ebd5d7227__C2__avg__c_001350_001800,898c9065-6499-40fa-9142-152ebd5d7227,C2,coarse,1350,1650.0,1800,,"(0,1,0)",5,other,1,0,0,1,4.0
898c9065-6499-40fa-9142-152ebd5d7227__C2__avg__f_001500_001650,898c9065-6499-40fa-9142-152ebd5d7227,C2,fine,1500,,1650,898c9065-6499-40fa-9142-152ebd5d7227__C2__avg__c_001350_001800,"(0,1,0)",5,other,1,0,0,1,4.0
8c62744e-e3a8-455b-b6fc-0d3577303fc5__C3__avg__f_000150_000300,8c62744e-e3a8-455b-b6fc-0d3577303fc5,C3,fine,150,,300,8c62744e-e3a8-455b-b6fc-0d3577303fc5__C3__avg__c_000150_000600,"(1,1,1)",0,0,0,0,0,-1,2.0
8c62744e-e3a8-455b-b6fc-0d3577303fc5__C3__avg__c_000150_000600,8c62744e-e3a8-455b-b6fc-0d3577303fc5,C3,coarse,150,450.0,600,,"(1,1,1)",0,0,0,0,0,-1,2.0
8c62744e-e3a8-455b-b6fc-0d3577303fc5__C1__avg__f_000450_000600,8c62744e-e3a8-455b-b6fc-0d3577303fc5,C1,fine,450,,600,8c62744e-e3a8-455b-b6fc-0d3577303fc5__C1__avg__c_000450_000750,"(1,1,1)",0,0,0,0,0,-1,2.0
8c62744e-e3a8-455b-b6fc-0d3577303fc5__C2__avg__f_000450_000600,8c62744e-e3a8-455b-b6fc-0d3577303fc5,C2,fine,450,,600,8c62744e-e3a8-455b-b6fc-0d3577303fc5__C2__avg__c_000450_000750,"(1,1,1)",0,0,0,0,0,-1,2.0
8c62744e-e3a8-455b-b6fc-0d3577303fc5__C3__avg__f_000450_000600,8c62744e-e3a8-455b-b6fc-0d3577303fc5,C3,fine,450,,600,8c62744e-e3a8-455b-b6fc-0d3577303fc5__C3__avg__c_000150_000600,"(1,1,1)",0,0,0,0,0,-1,2.0
8c62744e-e3a8-455b-b6fc-0d3577303fc5__C1__avg__c_000450_000750,8c62744e-e3a8-455b-b6fc-0d3577303fc5,C1,coarse,450,600.0,750,,"(1,1,1)",0,0,0,0,0,-1,2.0
8c62744e-e3a8-455b-b6fc-0d3577303fc5__C2__avg__c_000450_000750,8c62744e-e3a8-455b-b6fc-0d3577303fc5,C2,coarse,450,600.0,750,,"(1,1,1)",0,0,0,0,0,-1,2.0
8c62744e-e3a8-455b-b6fc-0d3577303fc5__C1__avg__f_000900_001050,8c62744e-e3a8-455b-b6fc-0d3577303fc5,C1,fine,900,,1050,8c62744e-e3a8-455b-b6fc-0d3577303fc5__C1__avg__c_000900_001200,"(1,1,1)",0,0,0,0,0,-1,2.0
8c62744e-e3a8-455b-b6fc-0d3577303fc5__C3__avg__f_000900_001050,8c62744e-e3a8-455b-b6fc-0d3577303fc5,C3,fine,900,,1050,8c62744e-e3a8-455b-b6fc-0d3577303fc5__C3__avg__c_000900_001200,"(1,1,1)",0,0,0,0,0,-1,2.0
8c62744e-e3a8-455b-b6fc-0d3577303fc5__C1__avg__c_000900_001200,8c62744e-e3a8-455b-b6fc-0d3577303fc5,C1,coarse,900,1050.0,1200,,"(1,1,1)",0,0,0,0,0,-1,2.0
8c62744e-e3a8-455b-b6fc-0d3577303fc5__C3__avg__c_000900_001200,8c62744e-e3a8-455b-b6fc-0d3577303fc5,C3,coarse,900,1050.0,1200,,"(1,1,1)",0,0,0,0,0,-1,2.0
8c62744e-e3a8-455b-b6fc-0d3577303fc5__C3__avg__c_001800_002250,8c62744e-e3a8-455b-b6fc-0d3577303fc5,C3,coarse,1800,2100.0,2250,,"(1,1,1)",0,0,0,0,0,-1,2.0
8c62744e-e3a8-455b-b6fc-0d3577303fc5__C1__avg__f_001950_002100,8c62744e-e3a8-455b-b6fc-0d3577303fc5,C1,fine,1950,,2100,8c62744e-e3a8-455b-b6fc-0d3577303fc5__C1__avg__c_001950_002250,"(1,1,1)",0,0,0,0,0,-1,2.0
8c62744e-e3a8-455b-b6fc-0d3577303fc5__C2__avg__f_001950_002100,8c62744e-e3a8-455b-b6fc-0d3577303fc5,C2,fine,1950,,2100,8c62744e-e3a8-455b-b6fc-0d3577303fc5__C2__avg__c_001950_002250,"(1,1,1)",0,0,0,0,0,-1,2.0
8c62744e-e3a8-455b-b6fc-0d3577303fc5__C3__avg__f_001950_002100,8c62744e-e3a8-455b-b6fc-0d3577303fc5,C3,fine,1950,,2100,8c62744e-e3a8-455b-b6fc-0d3577303fc5__C3__avg__c_001800_002250,"(1,1,1)",0,0,0,0,0,-1,2.0
8c62744e-e3a8-455b-b6fc-0d3577303fc5__C1__avg__c_001950_002250,8c62744e-e3a8-455b-b6fc-0d3577303fc5,C1,coarse,1950,2100.0,2250,,"(1,1,1)",0,0,0,0,0,-1,2.0
8c62744e-e3a8-455b-b6fc-0d3577303fc5__C2__avg__c_001950_002250,8c62744e-e3a8-455b-b6fc-0d3577303fc5,C2,coarse,1950,2100.0,2250,,"(1,1,1)",0,0,0,0,0,-1,2.0
917a55f6-0776-45a4-88e3-14aef4661231__C3__avg__f_000000_000150,917a55f6-0776-45a4-88e3-14aef4661231,C3,fine,0,,150,917a55f6-0776-45a4-88e3-14aef4661231__C3__avg__c_000000_000300,"(1,1,1)",6,6,0,0,0,4,5.0
917a55f6-0776-45a4-88e3-14aef4661231__C3__avg__c_000000_000300,917a55f6-0776-45a4-88e3-14aef4661231,C3,coarse,0,150.0,300,,"(1,1,1)",6,6,0,0,0,4,5.0
917a55f6-0776-45a4-88e3-14aef4661231__C2__avg__f_000150_000300,917a55f6-0776-45a4-88e3-14aef4661231,C2,fine,150,,300,917a55f6-0776-45a4-88e3-14aef4661231__C2__avg__c_000150_000450,"(1,1,1)",6,6,0,0,0,4,5.0
917a55f6-0776-45a4-88e3-14aef4661231__C2__avg__c_000150_000450,917a55f6-0776-45a4-88e3-14aef4661231,C2,coarse,150,300.0,450,,"(1,1,1)",6,6,0,0,0,4,5.0
917a55f6-0776-45a4-88e3-14aef4661231__C2__avg__c_001050_001200,917a55f6-0776-45a4-88e3-14aef4661231,C2,coarse,1050,1200.0,1200,,"(1,1,1)",6,6,0,0,0,4,5.0
917a55f6-0776-45a4-88e3-14aef4661231__C2__avg__f_001050_001200,917a55f6-0776-45a4-88e3-14aef4661231,C2,fine,1050,,1200,917a55f6-0776-45a4-88e3-14aef4661231__C2__avg__c_001050_001200,"(1,1,1)",6,6,0,0,0,4,5.0
917a55f6-0776-45a4-88e3-14aef4661231__C1__avg__c_001050_001800,917a55f6-0776-45a4-88e3-14aef4661231,C1,coarse,1050,1500.0,1800,,"(1,1,1)",6,6,0,0,0,4,5.0
917a55f6-0776-45a4-88e3-14aef4661231__C1__avg__f_001200_001350,917a55f6-0776-45a4-88e3-14aef4661231,C1,fine,1200,,1350,917a55f6-0776-45a4-88e3-14aef4661231__C1__avg__c_001050_001800,"(1,1,1)",6,6,0,0,0,4,5.0
917a55f6-0776-45a4-88e3-14aef4661231__C3__avg__c_001350_001800,917a55f6-0776-45a4-88e3-14aef4661231,C3,coarse,1350,1650.0,1800,,"(1,1,1)",6,6,0,0,0,4,5.0
917a55f6-0776-45a4-88e3-14aef4661231__C1__avg__f_001500_001650,917a55f6-0776-45a4-88e3-14aef4661231,C1,fine,1500,,1650,917a55f6-0776-45a4-88e3-14aef4661231__C1__avg__c_001050_001800,"(1,1,1)",6,6,0,0,0,4,5.0
917a55f6-0776-45a4-88e3-14aef4661231__C3__avg__f_001500_001650,917a55f6-0776-45a4-88e3-14aef4661231,C3,fine,1500,,1650,917a55f6-0776-45a4-88e3-14aef4661231__C3__avg__c_001350_001800,"(1,1,1)",6,6,0,0,0,4,5.0
92063d81-cefd-4d83-be16-b759f82f819d__C1__avg__f_000000_000150,92063d81-cefd-4d83-be16-b759f82f819d,C1,fine,0,,150,92063d81-cefd-4d83-be16-b759f82f819d__C1__avg__c_000000_000300,"(1,1,0)",0,0,0,0,0,-1,10.0
92063d81-cefd-4d83-be16-b759f82f819d__C2__avg__c_000000_000150,92063d81-cefd-4d83-be16-b759f82f819d,C2,coarse,0,150.0,150,,"(1,1,0)",0,0,0,0,0,-1,10.0
92063d81-cefd-4d83-be16-b759f82f819d__C2__avg__f_000000_000150,92063d81-cefd-4d83-be16-b759f82f819d,C2,fine,0,,150,92063d81-cefd-4d83-be16-b759f82f819d__C2__avg__c_000000_000150,"(1,1,0)",0,0,0,0,0,-1,10.0
92063d81-cefd-4d83-be16-b759f82f819d__C1__avg__c_000000_000300,92063d81-cefd-4d83-be16-b759f82f819d,C1,coarse,0,150.0,300,,"(1,1,0)",0,0,0,0,0,-1,10.0
92063d81-cefd-4d83-be16-b759f82f819d__C2__avg__c_000600_001050,92063d81-cefd-4d83-be16-b759f82f819d,C2,coarse,600,900.0,1050,,"(1,1,0)",0,0,0,0,0,-1,10.0
92063d81-cefd-4d83-be16-b759f82f819d__C1__avg__f_000750_000900,92063d81-cefd-4d83-be16-b759f82f819d,C1,fine,750,,900,92063d81-cefd-4d83-be16-b759f82f819d__C1__avg__c_000750_001050,"(1,1,0)",0,0,0,0,0,-1,10.0
92063d81-cefd-4d83-be16-b759f82f819d__C2__avg__f_000750_000900,92063d81-cefd-4d83-be16-b759f82f819d,C2,fine,750,,900,92063d81-cefd-4d83-be16-b759f82f819d__C2__avg__c_000600_001050,"(1,1,0)",0,0,0,0,0,-1,10.0
92063d81-cefd-4d83-be16-b759f82f819d__C1__avg__c_000750_001050,92063d81-cefd-4d83-be16-b759f82f819d,C1,coarse,750,900.0,1050,,"(1,1,0)",0,0,0,0,0,-1,10.0
92063d81-cefd-4d83-be16-b759f82f819d__C2__avg__c_001650_002250,92063d81-cefd-4d83-be16-b759f82f819d,C2,coarse,1650,1950.0,2250,,"(1,1,0)",0,0,0,0,0,-1,10.0
92063d81-cefd-4d83-be16-b759f82f819d__C1__avg__c_001800_002250,92063d81-cefd-4d83-be16-b759f82f819d,C1,coarse,1800,2100.0,2250,,"(1,1,0)",0,0,0,0,0,-1,10.0
92063d81-cefd-4d83-be16-b759f82f819d__C1__avg__f_001950_002100,92063d81-cefd-4d83-be16-b759f82f819d,C1,fine,1950,,2100,92063d81-cefd-4d83-be16-b759f82f819d__C1__avg__c_001800_002250,"(1,1,0)",0,0,0,0,0,-1,10.0
92063d81-cefd-4d83-be16-b759f82f819d__C2__avg__f_002100_002250,92063d81-cefd-4d83-be16-b759f82f819d,C2,fine,2100,,2250,92063d81-cefd-4d83-be16-b759f82f819d__C2__avg__c_001650_002250,"(1,1,0)",0,0,0,0,0,-1,10.0
9d12c943-402f-4677-8bf4-46cdae46e990__C1__avg__c_000750_001200,9d12c943-402f-4677-8bf4-46cdae46e990,C1,coarse,750,1050.0,1200,,"(1,1,0)",20,other,0,0,1,7,5.333333333333333
9d12c943-402f-4677-8bf4-46cdae46e990__C2__avg__c_000750_001200,9d12c943-402f-4677-8bf4-46cdae46e990,C2,coarse,750,1050.0,1200,,"(1,1,0)",20,other,0,0,1,7,5.333333333333333
9d12c943-402f-4677-8bf4-46cdae46e990__C2__avg__f_000900_001050,9d12c943-402f-4677-8bf4-46cdae46e990,C2,fine,900,,1050,9d12c943-402f-4677-8bf4-46cdae46e990__C2__avg__c_000750_001200,"(1,1,0)",20,other,0,0,1,7,5.333333333333333
9d12c943-402f-4677-8bf4-46cdae46e990__C1__avg__f_001050_001200,9d12c943-402f-4677-8bf4-46cdae46e990,C1,fine,1050,,1200,9d12c943-402f-4677-8bf4-46cdae46e990__C1__avg__c_000750_001200,"(1,1,0)",20,other,0,0,1,7,5.333333333333333
9d12c943-402f-4677-8bf4-46cdae46e990__C1__avg__f_001500_001650,9d12c943-402f-4677-8bf4-46cdae46e990,C1,fine,1500,,1650,9d12c943-402f-4677-8bf4-46cdae46e990__C1__avg__c_001500_001800,"(1,1,0)",20,other,0,0,1,7,5.333333333333333
9d12c943-402f-4677-8bf4-46cdae46e990__C2__avg__f_001500_001650,9d12c943-402f-4677-8bf4-46cdae46e990,C2,fine,1500,,1650,9d12c943-402f-4677-8bf4-46cdae46e990__C2__avg__c_001500_001800,"(1,1,0)",20,other,0,0,1,7,5.333333333333333
9d12c943-402f-4677-8bf4-46cdae46e990__C1__avg__c_001500_001800,9d12c943-402f-4677-8bf4-46cdae46e990,C1,coarse,1500,1650.0,1800,,"(1,1,0)",20,other,0,0,1,7,5.333333333333333
9d12c943-402f-4677-8bf4-46cdae46e990__C2__avg__c_001500_001800,9d12c943-402f-4677-8bf4-46cdae46e990,C2,coarse,1500,1650.0,1800,,"(1,1,0)",20,other,0,0,1,7,5.333333333333333
be61a76a-ccd0-47d6-9aee-bec7b4c48426__C2__avg__c_001500_001800,be61a76a-ccd0-47d6-9aee-bec7b4c48426,C2,coarse,1500,1650.0,1800,,"(0,1,0)",6,6,0,0,0,4,12.0
be61a76a-ccd0-47d6-9aee-bec7b4c48426__C2__avg__f_001650_001800,be61a76a-ccd0-47d6-9aee-bec7b4c48426,C2,fine,1650,,1800,be61a76a-ccd0-47d6-9aee-bec7b4c48426__C2__avg__c_001500_001800,"(0,1,0)",6,6,0,0,0,4,12.0
c194d9a6-e8a8-4f1a-9745-ae9d022804ee__C2__avg__c_000750_001200,c194d9a6-e8a8-4f1a-9745-ae9d022804ee,C2,coarse,750,1050.0,1200,,"(1,1,0)",6,6,0,0,0,4,3.5
c194d9a6-e8a8-4f1a-9745-ae9d022804ee__C2__avg__f_000900_001050,c194d9a6-e8a8-4f1a-9745-ae9d022804ee,C2,fine,900,,1050,c194d9a6-e8a8-4f1a-9745-ae9d022804ee__C2__avg__c_000750_001200,"(1,1,0)",6,6,0,0,0,4,3.5
c194d9a6-e8a8-4f1a-9745-ae9d022804ee__C1__avg__c_001650_001950,c194d9a6-e8a8-4f1a-9745-ae9d022804ee,C1,coarse,1650,1800.0,1950,,"(1,1,0)",6,6,0,0,0,4,3.5
c194d9a6-e8a8-4f1a-9745-ae9d022804ee__C1__avg__f_001800_001950,c194d9a6-e8a8-4f1a-9745-ae9d022804ee,C1,fine,1800,,1950,c194d9a6-e8a8-4f1a-9745-ae9d022804ee__C1__avg__c_001650_001950,"(1,1,0)",6,6,0,0,0,4,3.5
c194d9a6-e8a8-4f1a-9745-ae9d022804ee__C2__avg__c_001950_002400,c194d9a6-e8a8-4f1a-9745-ae9d022804ee,C2,coarse,1950,2250.0,2400,,"(1,1,0)",6,6,0,0,0,4,3.5
c194d9a6-e8a8-4f1a-9745-ae9d022804ee__C2__avg__f_002250_002400,c194d9a6-e8a8-4f1a-9745-ae9d022804ee,C2,fine,2250,,2400,c194d9a6-e8a8-4f1a-9745-ae9d022804ee__C2__avg__c_001950_002400,"(1,1,0)",6,6,0,0,0,4,3.5
c8063d76-af4f-44da-afc6-12bcf8947595__C2__avg__c_001200_001350,c8063d76-af4f-44da-afc6-12bcf8947595,C2,coarse,1200,1350.0,1350,,"(1,1,0)",21,other,0,0,0,2,5.333333333333333
c8063d76-af4f-44da-afc6-12bcf8947595__C2__avg__f_001200_001350,c8063d76-af4f-44da-afc6-12bcf8947595,C2,fine,1200,,1350,c8063d76-af4f-44da-afc6-12bcf8947595__C2__avg__c_001200_001350,"(1,1,0)",21,other,0,0,0,2,5.333333333333333
c8063d76-af4f-44da-afc6-12bcf8947595__C1__avg__c_001500_001800,c8063d76-af4f-44da-afc6-12bcf8947595,C1,coarse,1500,1650.0,1800,,"(1,1,0)",21,other,0,0,0,2,5.333333333333333
c8063d76-af4f-44da-afc6-12bcf8947595__C2__avg__c_001500_001800,c8063d76-af4f-44da-afc6-12bcf8947595,C2,coarse,1500,1650.0,1800,,"(1,1,0)",21,other,0,0,0,2,5.333333333333333
c8063d76-af4f-44da-afc6-12bcf8947595__C1__avg__f_001650_001800,c8063d76-af4f-44da-afc6-12bcf8947595,C1,fine,1650,,1800,c8063d76-af4f-44da-afc6-12bcf8947595__C1__avg__c_001500_001800,"(1,1,0)",21,other,0,0,0,2,5.333333333333333
c8063d76-af4f-44da-afc6-12bcf8947595__C2__avg__f_001650_001800,c8063d76-af4f-44da-afc6-12bcf8947595,C2,fine,1650,,1800,c8063d76-af4f-44da-afc6-12bcf8947595__C2__avg__c_001500_001800,"(1,1,0)",21,other,0,0,0,2,5.333333333333333
c8063d76-af4f-44da-afc6-12bcf8947595__C1__avg__c_002100_002250,c8063d76-af4f-44da-afc6-12bcf8947595,C1,coarse,2100,2250.0,2250,,"(1,1,0)",21,other,0,0,0,2,5.333333333333333
c8063d76-af4f-44da-afc6-12bcf8947595__C1__avg__f_002100_002250,c8063d76-af4f-44da-afc6-12bcf8947595,C1,fine,2100,,2250,c8063d76-af4f-44da-afc6-12bcf8947595__C1__avg__c_002100_002250,"(1,1,0)",21,other,0,0,0,2,5.333333333333333
c8063d76-af4f-44da-afc6-12bcf8947595__C2__avg__c_002100_002250,c8063d76-af4f-44da-afc6-12bcf8947595,C2,coarse,2100,2250.0,2250,,"(1,1,0)",21,other,0,0,0,2,5.333333333333333
c8063d76-af4f-44da-afc6-12bcf8947595__C2__avg__f_002100_002250,c8063d76-af4f-44da-afc6-12bcf8947595,C2,fine,2100,,2250,c8063d76-af4f-44da-afc6-12bcf8947595__C2__avg__c_002100_002250,"(1,1,0)",21,other,0,0,0,2,5.333333333333333
d0465797-0527-4148-ad6f-0aa537d03068__C1__avg__c_001650_002100,d0465797-0527-4148-ad6f-0aa537d03068,C1,coarse,1650,1950.0,2100,,"(1,0,0)",6,6,1,0,0,-1,1.0
d0465797-0527-4148-ad6f-0aa537d03068__C1__avg__f_001950_002100,d0465797-0527-4148-ad6f-0aa537d03068,C1,fine,1950,,2100,d0465797-0527-4148-ad6f-0aa537d03068__C1__avg__c_001650_002100,"(1,0,0)",6,6,1,0,0,-1,1.0
db46924b-a5a3-4645-9868-0860f2c4618f__C3__avg__c_001050_001500,db46924b-a5a3-4645-9868-0860f2c4618f,C3,coarse,1050,1350.0,1500,,"(0,0,1)",2,other,0,1,0,2,3.0
db46924b-a5a3-4645-9868-0860f2c4618f__C3__avg__f_001350_001500,db46924b-a5a3-4645-9868-0860f2c4618f,C3,fine,1350,,1500,db46924b-a5a3-4645-9868-0860f2c4618f__C3__avg__c_001050_001500,"(0,0,1)",2,other,0,1,0,2,3.0
db82e0f9-e6a8-42d7-a890-91293264caba__C1__avg__c_001350_001800,db82e0f9-e6a8-42d7-a890-91293264caba,C1,coarse,1350,1650.0,1800,,"(1,1,0)",6,6,0,0,0,0,3.5
db82e0f9-e6a8-42d7-a890-91293264caba__C2__avg__c_001350_001800,db82e0f9-e6a8-42d7-a890-91293264caba,C2,coarse,1350,1650.0,1800,,"(1,1,0)",6,6,0,0,0,0,3.5
db82e0f9-e6a8-42d7-a890-91293264caba__C1__avg__f_001500_001650,db82e0f9-e6a8-42d7-a890-91293264caba,C1,fine,1500,,1650,db82e0f9-e6a8-42d7-a890-91293264caba__C1__avg__c_001350_001800,"(1,1,0)",6,6,0,0,0,0,3.5
db82e0f9-e6a8-42d7-a890-91293264caba__C2__avg__f_001500_001650,db82e0f9-e6a8-42d7-a890-91293264caba,C2,fine,1500,,1650,db82e0f9-e6a8-42d7-a890-91293264caba__C2__avg__c_001350_001800,"(1,1,0)",6,6,0,0,0,0,3.5
e52b7faf-d644-4f8e-8de2-862b1377a05b__C2__avg__c_001200_001500,e52b7faf-d644-4f8e-8de2-862b1377a05b,C2,coarse,1200,1350.0,1500,,"(0,1,0)",5,other,1,0,0,1,4.0
e52b7faf-d644-4f8e-8de2-862b1377a05b__C2__avg__f_001350_001500,e52b7faf-d644-4f8e-8de2-862b1377a05b,C2,fine,1350,,1500,e52b7faf-d644-4f8e-8de2-862b1377a05b__C2__avg__c_001200_001500,"(0,1,0)",5,other,1,0,0,1,4.0
e52b7faf-d644-4f8e-8de2-862b1377a05b__C2__avg__f_001800_001950,e52b7faf-d644-4f8e-8de2-862b1377a05b,C2,fine,1800,,1950,e52b7faf-d644-4f8e-8de2-862b1377a05b__C2__avg__c_001800_002100,"(0,1,0)",5,other,1,0,0,1,4.0
e52b7faf-d644-4f8e-8de2-862b1377a05b__C2__avg__c_001800_002100,e52b7faf-d644-4f8e-8de2-862b1377a05b,C2,coarse,1800,1950.0,2100,,"(0,1,0)",5,other,1,0,0,1,4.0
f1c2ac2c-b2e5-42b8-90b4-6be479a16e64__C2__avg__c_001050_001350,f1c2ac2c-b2e5-42b8-90b4-6be479a16e64,C2,coarse,1050,1200.0,1350,,"(0,1,0)",18,other,0,0,0,-1,4.0
f1c2ac2c-b2e5-42b8-90b4-6be479a16e64__C2__avg__f_001200_001350,f1c2ac2c-b2e5-42b8-90b4-6be479a16e64,C2,fine,1200,,1350,f1c2ac2c-b2e5-42b8-90b4-6be479a16e64__C2__avg__c_001050_001350,"(0,1,0)",18,other,0,0,0,-1,4.0
f53b95da-6f06-4d00-a986-e7a3d8525666__C3__avg__c_000450_001050,f53b95da-6f06-4d00-a986-e7a3d8525666,C3,coarse,450,750.0,1050,,"(0,1,1)",21,other,0,0,0,2,4.5
f53b95da-6f06-4d00-a986-e7a3d8525666__C2__avg__c_000450_001200,f53b95da-6f06-4d00-a986-e7a3d8525666,C2,coarse,450,900.0,1200,,"(0,1,1)",21,other,0,0,0,2,4.5
f53b95da-6f06-4d00-a986-e7a3d8525666__C2__avg__f_000750_000900,f53b95da-6f06-4d00-a986-e7a3d8525666,C2,fine,750,,900,f53b95da-6f06-4d00-a986-e7a3d8525666__C2__avg__c_000450_001200,"(0,1,1)",21,other,0,0,0,2,4.5
f53b95da-6f06-4d00-a986-e7a3d8525666__C3__avg__f_000750_000900,f53b95da-6f06-4d00-a986-e7a3d8525666,C3,fine,750,,900,f53b95da-6f06-4d00-a986-e7a3d8525666__C3__avg__c_000450_001050,"(0,1,1)",21,other,0,0,0,2,4.5
f6034371-097d-4728-8e3a-4e6f1b08aba7__C2__avg__c_001050_001650,f6034371-097d-4728-8e3a-4e6f1b08aba7,C2,coarse,1050,1350.0,1650,,"(1,1,1)",6,6,0,0,0,0,5.0
f6034371-097d-4728-8e3a-4e6f1b08aba7__C3__avg__c_001050_001950,f6034371-097d-4728-8e3a-4e6f1b08aba7,C3,coarse,1050,1500.0,1950,,"(1,1,1)",6,6,0,0,0,0,5.0
f6034371-097d-4728-8e3a-4e6f1b08aba7__C2__avg__f_001200_001350,f6034371-097d-4728-8e3a-4e6f1b08aba7,C2,fine,1200,,1350,f6034371-097d-4728-8e3a-4e6f1b08aba7__C2__avg__c_001050_001650,"(1,1,1)",6,6,0,0,0,0,5.0
f6034371-097d-4728-8e3a-4e6f1b08aba7__C3__avg__f_001200_001350,f6034371-097d-4728-8e3a-4e6f1b08aba7,C3,fine,1200,,1350,f6034371-097d-4728-8e3a-4e6f1b08aba7__C3__avg__c_001050_001950,"(1,1,1)",6,6,0,0,0,0,5.0
f6034371-097d-4728-8e3a-4e6f1b08aba7__C2__avg__f_001500_001650,f6034371-097d-4728-8e3a-4e6f1b08aba7,C2,fine,1500,,1650,f6034371-097d-4728-8e3a-4e6f1b08aba7__C2__avg__c_001050_001650,"(1,1,1)",6,6,0,0,0,0,5.0
f6034371-097d-4728-8e3a-4e6f1b08aba7__C3__avg__f_001500_001650,f6034371-097d-4728-8e3a-4e6f1b08aba7,C3,fine,1500,,1650,f6034371-097d-4728-8e3a-4e6f1b08aba7__C3__avg__c_001050_001950,"(1,1,1)",6,6,0,0,0,0,5.0
f6034371-097d-4728-8e3a-4e6f1b08aba7__C3__avg__f_001800_001950,f6034371-097d-4728-8e3a-4e6f1b08aba7,C3,fine,1800,,1950,f6034371-097d-4728-8e3a-4e6f1b08aba7__C3__avg__c_001050_001950,"(1,1,1)",6,6,0,0,0,0,5.0
f6034371-097d-4728-8e3a-4e6f1b08aba7__C1__avg__c_001950_002100,f6034371-097d-4728-8e3a-4e6f1b08aba7,C1,coarse,1950,2100.0,2100,,"(1,1,1)",6,6,0,0,0,0,5.0
f6034371-097d-4728-8e3a-4e6f1b08aba7__C1__avg__f_001950_002100,f6034371-097d-4728-8e3a-4e6f1b08aba7,C1,fine,1950,,2100,f6034371-097d-4728-8e3a-4e6f1b08aba7__C1__avg__c_001950_002100,"(1,1,1)",6,6,0,0,0,0,5.0
f6034371-097d-4728-8e3a-4e6f1b08aba7__C2__avg__f_001950_002100,f6034371-097d-4728-8e3a-4e6f1b08aba7,C2,fine,1950,,2100,f6034371-097d-4728-8e3a-4e6f1b08aba7__C2__avg__c_001950_002250,"(1,1,1)",6,6,0,0,0,0,5.0
f6034371-097d-4728-8e3a-4e6f1b08aba7__C2__avg__c_001950_002250,f6034371-097d-4728-8e3a-4e6f1b08aba7,C2,coarse,1950,2100.0,2250,,"(1,1,1)",6,6,0,0,0,0,5.0
f61fef34-e9a2-4cd6-a75d-d57e8a8c0b05__C2__avg__c_000000_000450,f61fef34-e9a2-4cd6-a75d-d57e8a8c0b05,C2,coarse,0,300.0,450,,"(0,1,0)",0,0,0,0,1,3,12.0
f61fef34-e9a2-4cd6-a75d-d57e8a8c0b05__C2__avg__f_000150_000300,f61fef34-e9a2-4cd6-a75d-d57e8a8c0b05,C2,fine,150,,300,f61fef34-e9a2-4cd6-a75d-d57e8a8c0b05__C2__avg__c_000000_000450,"(0,1,0)",0,0,0,0,1,3,12.0
f68bc1bd-da70-4b1b-b849-c954e644c209__C3__avg__c_000000_000600,f68bc1bd-da70-4b1b-b849-c954e644c209,C3,coarse,0,300.0,600,,"(1,0,1)",20,other,0,0,0,2,1.0
f68bc1bd-da70-4b1b-b849-c954e644c209__C3__avg__f_000450_000600,f68bc1bd-da70-4b1b-b849-c954e644c209,C3,fine,450,,600,f68bc1bd-da70-4b1b-b849-c954e644c209__C3__avg__c_000000_000600,"(1,0,1)",20,other,0,0,0,2,1.0
f68bc1bd-da70-4b1b-b849-c954e644c209__C3__avg__c_000750_001200,f68bc1bd-da70-4b1b-b849-c954e644c209,C3,coarse,750,1050.0,1200,,"(1,0,1)",20,other,0,0,0,2,1.0
f68bc1bd-da70-4b1b-b849-c954e644c209__C3__avg__f_000900_001050,f68bc1bd-da70-4b1b-b849-c954e644c209,C3,fine,900,,1050,f68bc1bd-da70-4b1b-b849-c954e644c209__C3__avg__c_000750_001200,"(1,0,1)",20,other,0,0,0,2,1.0
f68bc1bd-da70-4b1b-b849-c954e644c209__C1__avg__c_001500_001800,f68bc1bd-da70-4b1b-b849-c954e644c209,C1,coarse,1500,1650.0,1800,,"(1,0,1)",20,other,0,0,0,2,1.0
f68bc1bd-da70-4b1b-b849-c954e644c209__C1__avg__f_001650_001800,f68bc1bd-da70-4b1b-b849-c954e644c209,C1,fine,1650,,1800,f68bc1bd-da70-4b1b-b849-c954e644c209__C1__avg__c_001500_001800,"(1,0,1)",20,other,0,0,0,2,1.0
f68bc1bd-da70-4b1b-b849-c954e644c209__C3__avg__c_002100_002250,f68bc1bd-da70-4b1b-b849-c954e644c209,C3,coarse,2100,2250.0,2250,,"(1,0,1)",20,other,0,0,0,2,1.0
f68bc1bd-da70-4b1b-b849-c954e644c209__C3__avg__f_002100_002250,f68bc1bd-da70-4b1b-b849-c954e644c209,C3,fine,2100,,2250,f68bc1bd-da70-4b1b-b849-c954e644c209__C3__avg__c_002100_002250,"(1,0,1)",20,other,0,0,0,2,1.0
f91a3164-e804-4646-bb46-1978c5bf22f1__C3__avg__f_001500_001650,f91a3164-e804-4646-bb46-1978c5bf22f1,C3,fine,1500,,1650,f91a3164-e804-4646-bb46-1978c5bf22f1__C3__avg__c_001500_001800,"(0,0,1)",6,6,1,0,0,-1,2.0
f91a3164-e804-4646-bb46-1978c5bf22f1__C3__avg__c_001500_001800,f91a3164-e804-4646-bb46-1978c5bf22f1,C3,coarse,1500,1650.0,1800,,"(0,0,1)",6,6,1,0,0,-1,2.0
fa086544-745e-49b3-8bcc-9f0b210a8eba__C2__avg__c_000450_001050,fa086544-745e-49b3-8bcc-9f0b210a8eba,C2,coarse,450,750.0,1050,,"(0,1,1)",0,0,0,1,1,3,4.0
fa086544-745e-49b3-8bcc-9f0b210a8eba__C3__avg__c_000750_001050,fa086544-745e-49b3-8bcc-9f0b210a8eba,C3,coarse,750,900.0,1050,,"(0,1,1)",0,0,0,1,1,3,4.0
fa086544-745e-49b3-8bcc-9f0b210a8eba__C2__avg__f_000900_001050,fa086544-745e-49b3-8bcc-9f0b210a8eba,C2,fine,900,,1050,fa086544-745e-49b3-8bcc-9f0b210a8eba__C2__avg__c_000450_001050,"(0,1,1)",0,0,0,1,1,3,4.0
fa086544-745e-49b3-8bcc-9f0b210a8eba__C3__avg__f_000900_001050,fa086544-745e-49b3-8bcc-9f0b210a8eba,C3,fine,900,,1050,fa086544-745e-49b3-8bcc-9f0b210a8eba__C3__avg__c_000750_001050,"(0,1,1)",0,0,0,1,1,3,4.0
fae51550-4492-4c92-9454-cd754ec749f8__C1__avg__c_001950_002250,fae51550-4492-4c92-9454-cd754ec749f8,C1,coarse,1950,2100.0,2250,,"(1,0,0)",0,0,0,0,0,0,1.0
fae51550-4492-4c92-9454-cd754ec749f8__C1__avg__f_002100_002250,fae51550-4492-4c92-9454-cd754ec749f8,C1,fine,2100,,2250,fae51550-4492-4c92-9454-cd754ec749f8__C1__avg__c_001950_002250,"(1,0,0)",0,0,0,0,0,0,1.0
nqwazqo2-5oxt-0uz4-ekws-fe0lwc1iu7ga__C3__avg__c_001650_002100,nqwazqo2-5oxt-0uz4-ekws-fe0lwc1iu7ga,C3,coarse,1650,1950.0,2100,,"(0,1,1)",23,other,0,0,1,-1,4.5
nqwazqo2-5oxt-0uz4-ekws-fe0lwc1iu7ga__C2__avg__c_001650_002400,nqwazqo2-5oxt-0uz4-ekws-fe0lwc1iu7ga,C2,coarse,1650,2100.0,2400,,"(0,1,1)",23,other,0,0,1,-1,4.5
nqwazqo2-5oxt-0uz4-ekws-fe0lwc1iu7ga__C2__avg__f_001800_001950,nqwazqo2-5oxt-0uz4-ekws-fe0lwc1iu7ga,C2,fine,1800,,1950,nqwazqo2-5oxt-0uz4-ekws-fe0lwc1iu7ga__C2__avg__c_001650_002400,"(0,1,1)",23,other,0,0,1,-1,4.5
nqwazqo2-5oxt-0uz4-ekws-fe0lwc1iu7ga__C3__avg__f_001800_001950,nqwazqo2-5oxt-0uz4-ekws-fe0lwc1iu7ga,C3,fine,1800,,1950,nqwazqo2-5oxt-0uz4-ekws-fe0lwc1iu7ga__C3__avg__c_001650_002100,"(0,1,1)",23,other,0,0,1,-1,4.5
nqwazqo2-5oxt-0uz4-ekws-fe0lwc1iu7ga__C2__avg__f_002100_002250,nqwazqo2-5oxt-0uz4-ekws-fe0lwc1iu7ga,C2,fine,2100,,2250,nqwazqo2-5oxt-0uz4-ekws-fe0lwc1iu7ga__C2__avg__c_001650_002400,"(0,1,1)",23,other,0,0,1,-1,4.5
